term;num
و;1437
در;1291
به;1216
از;1146
می;1061
که;965
آیا;902
چه;872
برای;797
با;776
را;771
است;718
یا;598
من;516
کنم;483
سلام;482
های;471
این;466
چگونه;400
باید;384
چیست;366
دارد;364
هم;336
یک;333
رو;303
شود;283
شده;266
استفاده;266
ها;255
تا;238
دارم;234
کار;232
کرد;227
اگر;220
آن;215
کنید;210
باشد;207
شما;200
میشه;196
ولی;196
کنیم;194
نظر;194
ای;192
وجود;189
هستم;183
خود;170
خیلی;170
هست;169
انجام;166
چرا;166
اینکه;156
کند;153
صورت;151
داره;147
نمی;142
کسی;140
لطفا;139
اما;138
چند;133
یه;130
کردن;126
ام;126
مورد;124
کرده;123
روی;122
کردم;121
بعد;120
هر;118
باشه;117
تو;114
بین;111
بر;111
سال;111
هستند;110
چطور;109
دارند;109
پیش;109
ی;106
نه;105
راهنمایی;105
کدام;105
توانم;103
ممنون;101
ایران;100
ما;99
بهترین;99
مشکل;99
توان;98
مصرف;98
دو;98
روز;97
میخواستم;97
خرید;97
شرکت;97
ساله;95
خوب;94
داشته;93
هایی;92
کنند;91
ازدواج;88
اگه;88
مدت;87
همه;86
بدون;85
کم;84
بهتره;83
امکان;83
راه;83
دیگه;82
زمان;82
چون;81
شدن;81
وزن;81
ماه;80
دریافت;80
مناسب;79
فقط;79
بدونم;79
تشکر;78
زبان;77
یکی;77
برنامه;75
داد;74
پیشنهاد;74
خسته;72
هزینه;72
نوع;72
بیمه;72
چیه;71
بهتر;70
ایا;70
تواند;70
او;69
نیست;69
قرار;69
پس;68
الان;68
چقدر;68
مثل;67
بود;66
بیشتر;66
شوند;65
پذیرش;64
وقت;64
بشه;64
نیاز;64
چی;64
دانشگاه;63
شد;63
میخوام;63
کمک;62
خودم;62
دیگر;62
آب;61
هیچ;61
حال;61
کجا;61
توجه;61
دوست;60
زمانی;60
میکنم;60
شدم;60
میشم;59
پیدا;59
زندگی;59
هنگام;58
نصب;58
پرداخت;58
باعث;58
تهیه;57
چیزی;56
وقتی;56
درست;56
شرایط;56
رشته;55
خودرو;55
اول;55
بوده;55
البته;55
آنها;55
میشود;55
باشم;55
روش;54
تر;54
واتساپ;54
داشتم;53
نباشید;53
سوال;53
دست;53
دهد;53
لازم;53
غذایی;53
بعضی;53
گوشی;53
فکر;52
زیاد;52
داده;52
دکتر;51
سه;51
حالا;51
خانواده;50
خواستم;50
بدن;50
کنه;50
دختر;50
نرم;50
اند;50
2;50
درمان;50
ثبت;49
یعنی;49
نیز;49
بار;49
قیمت;49
بارداری;49
بی;48
مثلا;48
دوستان;48
غیر;48
تحصیل;47
کامپیوتر;47
کودکان;47
توسط;47
باز;47
درس;47
ندارم;47
بنده;46
هفته;46
بگیرم;46
کاری;46
مشکلی;46
عنوان;46
اون;46
حکم;45
خوبی;45
بالا;45
شروع;45
کشور;44
دوره;44
قبل;44
کودک;44
شوم;44
خوردن;44
سر;44
سایت;44
ندارد;43
تفاوت;43
رنگ;43
کدوم;43
نسبت;43
3;43
اضافه;43
چکار;43
دندان;43
تمام;43
علت;43
رابطه;42
حل;42
طور;42
کالا;42
چیکار;42
معرفی;42
ادامه;42
دهم;42
بودن;41
سفارش;41
نام;41
بچه;40
داریم;40
خدمت;40
گرفتن;40
دچار;40
دیجی;39
مدتی;39
حق;39
دلیل;39
تغییر;39
طول;39
میتونم;39
ارائه;39
میتوان;38
افراد;38
همیشه;38
برم;38
افزار;38
حدود;38
توضیح;38
ارشد;37
دوم;37
تهران;37
زیر;37
عرض;37
خاصی;37
عمل;37
مواد;36
انگلیسی;36
دادم;36
کاهش;36
مراجعه;36
راهنماییم;36
کسانی;36
باسلام;36
نظرتون;35
انتخاب;35
موقع;35
نمیدونم;35
بازار;35
خانه;35
بازی;35
باشند;35
تصمیم;35
گیرد;35
ایجاد;35
منظور;35
دستگاه;35
درخواست;35
نحوه;34
1;34
خارج;34
اینترنت;34
زن;34
علاقه;34
دختری;34
درد;33
جای;33
زیادی;33
قابل;33
دادن;33
توصیه;33
تحویل;33
بدم;33
جایز;33
فرد;33
توی;33
حساب;33
سیستم;33
سفر;33
پایین;33
گفته;33
قرص;32
حتی;32
گرفته;32
p;32
بیماری;32
خیر;32
خوبه;32
فروش;32
دهید;32
دارای;32
موضوع;32
تغذیه;32
احساس;31
کارشناسی;31
حکمی;31
دارید;31
سالم;31
ماشین;31
واقعا;31
عکس;31
میکنه;31
نداره;31
شخصی;31
ممکن;31
اقدام;31
جهت;31
برام;31
کامل;30
کتاب;30
کارت;30
خانم;30
وارد;30
پسر;30
جلوگیری;30
همین;30
حد;30
دیگری;30
برخی;30
میزان;30
چربی;29
مرا;29
رفتن;29
نماز;29
میتونه;29
کلاس;29
همان;29
صورتی;29
یادگیری;29
واسه;29
افزایش;29
کمی;29
بسیار;29
اصلا;29
پیام;29
شیر;29
اطلاعات;29
توانند;29
نفر;28
فیلم;28
خواهد;28
حالت;28
شب;28
بفرمایید;28
مشمول;28
موجود;28
ورزش;28
پول;28
محاسبه;28
پوست;28
چنین;28
تحت;28
یاد;28
کسب;28
خون;28
لباس;28
ببینم;28
طریق;27
طرف;27
مدل;27
بکنم;27
مختلف;27
طبیعی;27
تاثیر;27
میکنید;27
جواب;27
جدید;27
style;27
همراه;27
سفید;27
گذاری;27
قانون;27
کولرگازی;26
خواب;26
5;26
جایی;26
موبایل;26
span;26
اینه;26
داخل;26
کمکم;26
داشت;26
پدر;26
خونه;26
بودم;26
شماره;26
مفید;26
همچنین;26
ضمن;26
بخرم;26
بد;25
نمیشه;25
عدم;25
سود;25
زمینه;25
زدن;25
font;25
چطوری;24
ساعت;24
شه;24
فرق;24
گرم;24
کیفیت;24
آموزش;24
قصد;24
مرسی;24
مواردی;24
ارسال;24
اجتماعی;24
بگیریم;24
توانیم;24
راهی;24
خدا;24
گرفتم;24
داشتن;24
دور;24
میکند;24
نمود;24
ارتباط;24
سهام;24
گردد;24
درمانی;23
گیاه;23
مانند;23
ورود;23
علمی;23
انسان;23
بیرون;23
حتما;23
مرغ;23
خشک;23
دوباره;23
10;23
4;23
لحاظ;23
حاضر;23
شامل;23
همسر;23
قرارداد;23
قانونی;23
بهم;23
وی;22
بگید;22
متوجه;22
روغن;22
پرواز;22
خواهم;22
سالمه;22
دوران;22
تشخیص;22
رفع;22
بدانم;22
size;22
کمتر;22
رعایت;22
نویسی;22
مادر;22
بانک;22
اولین;22
6;22
شخص;22
رفتم;22
پاک;22
اش;22
گذشته;22
گیری;22
دار;22
رژیم;22
مطالعه;22
فاصله;22
اختلاف;21
اندروید;21
چیزهایی;21
پزشکی;21
همسرم;21
لیست;21
عرضه;21
هستش;21
اینترنتی;21
نداشته;21
ورزشی;21
ماهی;21
بخورم;21
برق;21
منو;21
حمل;21
گفت;21
مو;21
محدودیت;21
فرابورس;21
شاید;21
کنین;20
خواندن;20
شنیدم;20
شبکه;20
حقوق;20
خصوص;20
طرز;20
ترین;20
بیش;20
دی;20
میوه;20
عقد;20
انتقال;20
تولید;20
سن;20
سازمان;20
صحیح;20
سرمایه;20
پاسخ;20
هنوز;20
نوشته;20
اجازه;20
مشغول;20
غذا;20
تفاوتی;20
درباره;20
کد;20
میده;20
موثر;19
خواستگاری;19
محل;19
پر;19
اثر;19
برخورد;19
تعداد;19
ان;19
طی;19
نشود;19
جنس;19
منزل;19
گیاهی;19
جراحی;19
نگهداری;19
صفحه;19
مدارکی;19
صحبت;19
میکنند;19
مرد;19
نامه;19
ماهه;19
میاد;19
ساخت;19
شکایت;18
میگن;18
مادرم;18
7;18
پزشک;18
پایان;18
فرزندان;18
نمیتونم;18
امتحان;18
سایر;18
تجربه;18
تقریبا;18
گل;18
جا;18
روزه;18
کنار;18
قبول;18
شغل;18
ضرر;18
میان;18
ندارند;18
رفت;18
بدین;18
میتوانم;18
تنها;18
متاسفانه;18
عشق;18
وظیفه;18
بلند;18
سی;18
انواع;18
کننده;18
شدید;18
ویندوز;18
کنکور;18
باتشکر;18
درآمد;18
سنتی;18
گاهی;18
اهل;18
مدرک;18
سرویس;18
دولتی;17
کلی;17
روزانه;17
اسلام;17
سوم;17
خانگی;17
بپرسم;17
جدا;17
افرادی;17
فایل;17
دانم;17
اصلی;17
پذیر;17
معمولا;17
دیده;17
خریداری;17
شرایطی;17
آید;17
شوهر;17
برد;17
کلا;17
دانشجوی;17
مجاز;17
نماید;17
موهای;17
خاطر;17
خوام;17
نداشتم;17
زود;17
گوشت;17
باشیم;17
ترم;17
روشن;17
دهیم;17
حرف;17
نگه;17
میلیون;17
آینده;17
ثابت;17
آسیب;17
بیان;17
دنبال;17
مقدار;17
چشم;17
بصورت;17
موفق;17
چیز;17
بدید;17
ازش;17
فرزند;17
ممنونم;17
فعالیت;17
شدت;16
بشم;16
مطرح;16
موتور;16
مربوط;16
محصولات;16
آموزشی;16
سخت;16
دادگاه;16
تاثیری;16
مستمری;16
لطفاً;16
برایم;16
مهم;16
حدودا;16
راضی;16
جلسه;16
بابت;16
دانلود;16
نباید;16
فردی;16
زمین;16
نتیجه;16
صادر;16
ممکنه;16
مضر;16
دفترچه;16
قطع;16
اندازه;16
اتفاق;16
رفته;16
نگران;16
نشده;16
خارجی;16
خدمات;16
قاضی;16
موارد;16
الکترونیکی;16
میدونه;16
8;16
دیدم;16
تعلق;16
مالی;16
بتونم;15
مسافرت;15
سریع;15
داری;15
شوهرم;15
آزاد;15
بینی;15
وجه;15
ایام;15
تایلند;15
هستیم;15
لطف;15
گاز;15
چک;15
رشد;15
وضعیت;15
بورس;15
قرمز;15
رفتار;15
دهند;15
گوگل;15
برا;15
بیکاری;15
مقطع;15
بخونم;15
دکترا;15
وزنم;15
فرمایید;15
چهار;15
بهش;15
ویژگی;15
نوزاد;15
بهبود;15
بدهم;15
خاص;15
مشخص;15
دارویی;15
اقداماتی;15
حذف;15
نسخه;15
کنترل;15
شرعی;15
پای;14
قسمت;14
سیم;14
تبدیل;14
زندگیم;14
سنی;14
خودش;14
نجات;14
بخیر;14
سرعت;14
فشار;14
شارژ;14
لیسانس;14
محترم;14
مبلغ;14
کی;14
رمز;14
آدم;14
جمله;14
مقابل;14
سابقه;14
فراموش;14
اولیه;14
معنی;14
باهاش;14
عوض;14
اعتماد;14
تخم;14
لاغری;14
قبلی;14
دانش;14
مشتری;14
خودروهای;14
میخواهم;14
تماس;14
اکثر;14
ترک;14
جوان;14
منفی;14
کل;14
سمت;14
بطور;14
قهوه;14
عامل;14
قند;14
نگاه;14
ریاضی;14
اسلامی;14
میرم;14
لیزر;14
سرد;14
مجدد;14
قد;14
پسری;13
هستن;13
طوری;13
کجاست;13
نیستم;13
دارو;13
طب;13
سئوال;13
مشخصات;13
میباشد;13
دان;13
هایم;13
تازه;13
مشاهده;13
color;13
خواص;13
جاوا;13
تعیین;13
تعویض;13
مطلع;13
پدرم;13
زنان;13
تامین;13
کشورهای;13
تونم;13
مشکلات;13
دیگران;13
راستش;13
باردار;13
قرآن;13
نمیکنه;13
مراحل;13
مقرری;13
جرم;13
قابلیت;13
ایشون;13
عدد;13
وب;13
زده;13
تاریخ;13
ایشان;13
نوشتن;13
مردم;13
سطح;13
پی;13
نشان;13
نور;13
شکل;13
مخاطب;13
آمد;13
بزرگ;13
تربیت;13
آخر;13
مسلمان;13
کردند;13
نزدیک;13
ببخشید;13
نمایش;13
هوش;13
حیوانات;13
بندی;13
خورد;13
روزی;13
اشکال;13
اسم;13
قدم;13
سپرده;13
دندانهای;13
بیشتری;13
عالی;12
نموده;12
منتقل;12
نکرده;12
هوا;12
همچین;12
مسواک;12
جوری;12
یکبار;12
درسته;12
اعتبار;12
زمینی;12
خوش;12
جلو;12
کاربری;12
وام;12
بریم;12
مهندسی;12
جز;12
23;12
پست;12
قلب;12
اختیار;12
کرم;12
جامه;12
هزار;12
ایرانی;12
ک;12
تور;12
گارانتی;12
بروز;12
تنظیم;12
فرقی;12
پوشش;12
غذای;12
پشت;12
دیابت;12
عروسی;12
بده;12
برابر;12
اوراق;12
ب;12
احتمال;12
تابستان;12
بخاطر;12
سامانه;12
خراب;12
نباشد;12
بگیره;12
جوش;12
خواهر;12
family;12
زودتر;12
داروهای;12
محسوب;12
اوقات;12
راجع;12
جنین;12
شغلی;12
سیب;12
وصل;12
شکم;12
مادیان;12
برطرف;12
بگم;12
حین;12
منجر;12
نمیاد;12
کالایی;12
مصنوعی;12
فصل;12
شیرینی;12
کلیه;12
آمریکا;12
فوت;12
اعضای;12
کلمات;12
خبر;12
هما;12
ابتدا;12
کشی;12
گفتند;12
منم;11
گرفت;11
جنسی;11
چرب;11
ایده;11
نرخ;11
مذهبی;11
فراوان;11
بگویید;11
وعده;11
چقدره;11
براش;11
دندانها;11
صدای;11
&nbsp;11
حداقل;11
تومن;11
دین;11
بسته;11
هام;11
حجم;11
مثال;11
حرام;11
ویژه;11
سینه;11
گونه;11
سرطان;11
داروی;11
گیاهان;11
تکلیف;11
آمده;11
rgb;11
0;11
محیط;11
شویم;11
مارک;11
30;11
شش;11
سهم;11
جلوی;11
گرایش;11
لبنیات;11
وسایل;11
پنج;11
میل;11
طرح;11
ده;11
میخورم;11
دیدن;11
میتواند;11
داخلی;11
پلاک;11
احترام;11
سراغ;11
سند;11
کره;11
توانایی;11
میگه;11
اس;11
همون;11
لپ;11
آنرا;11
ایم;11
گروه;11
آزمون;11
گفتن;11
طراحی;11
مثبت;11
مرگ;11
پکیج;11
زیبایی;11
غذاهایی;11
عمومی;11
مبتلا;11
موقت;11
بدی;11
تلگرام;11
سوالم;11
اعلام;11
طبق;11
موسسه;11
مد;11
علم;11
متفاوت;11
مسائل;11
ایمیل;11
پروژه;11
تبلیغ;11
بسیاری;10
دوتا;10
عسل;10
چای;10
چت;10
غیره;10
راحت;10
معتبر;10
اطلاع;10
اقدامی;10
تأثیر;10
سوابق;10
تازگی;10
خواهش;10
کارهایی;10
آزمایش;10
شنیده;10
نمایم;10
درسی;10
ویا;10
استرس;10
زرد;10
تردمیل;10
مساله;10
خمیر;10
کاربرد;10
لاغر;10
مبلغی;10
حس;10
دقیق;10
بقیه;10
اکنون;10
فنی;10
سلامتی;10
بلیت;10
ویتامین;10
گناه;10
اسناد;10
نیستند;10
عادت;10
تحصیلی;10
استخدام;10
کاربردی;10
ریموت;10
ال;10
مواجه;10
شدیدی;10
جایگزین;10
درصد;10
تایید;10
مدارک;10
شاغل;10
رسمی;10
هستید;10
سپاس;10
بخوام;10
فیلتر;10
باطل;10
منابع;10
19;10
اطمینان;10
متشکرم;10
موقعیت;10
آبی;10
مقاله;10
صورتم;10
فرزندم;10
جمع;10
زیاده;10
پیوند;10
ریزی;10
مطمئن;10
سبز;10
تومان;10
برند;10
تاپ;10
نشه;10
چندتا;10
مشکلم;10
بازیکن;10
نکاتی;10
مهریه;10
کردیم;10
شرط;10
20;10
ضمنا;10
بن;10
تک;10
25;10
ترمز;10
گردن;9
رایگان;9
مجبور;9
بدنم;9
قبیل;9
موی;9
جهان;9
سوالات;9
مردی;9
آشنا;9
دلم;9
میدید;9
تولد;9
جوانان;9
جالب;9
مسافران;9
دکتری;9
مرتب;9
تلفن;9
فایده;9
بازنشستگی;9
میکنن;9
مهمه;9
افتاده;9
سعی;9
نباشه;9
مقررات;9
پخت;9
بخوانم;9
راهکاری;9
پیشنهادی;9
ارزش;9
دندون;9
دانشگاهی;9
مخالف;9
اداری;9
عوارض;9
فوق;9
اشتراک;9
واقع;9
بدهیم;9
برگشت;9
فارغ;9
فرنگی;9
فک;9
ماست;9
گیر;9
بخریم;9
عضو;9
اونها;9
دنیا;9
حضوری;9
قضیه;9
حضور;9
هدف;9
کمبود;9
باتوجه;9
دبیرستان;9
ساز;9
روابط;9
بوی;9
آنجا;9
خواست;9
موفقیت;9
کتابی;9
دارن;9
ذکر;9
ساعات;9
میکردم;9
سازی;9
مزایای;9
مهندس;9
سالگی;9
حقوقی;9
استراحت;9
بزنم;9
برقراری;9
صبحانه;9
بودند;9
کدامند;9
جذب;9
بدست;9
بخش;9
رسیدن;9
نظرتان;9
قوی;9
سگ;9
امسال;9
کافی;9
حضرت;9
خواهند;9
16;9
کارگر;9
گذاشته;9
مزاج;9
اپل;9
توپ;9
بتوانم;9
خواسته;9
گویند;9
مرورگر;9
راحتی;9
رسیدگی;9
مهر;9
طولانی;9
اینها;9
صبح;9
نمایند;9
حلی;9
تشکیل;9
سبک;9
میتونیم;9
تموم;9
امداد;9
اسب;9
ترکیه;9
جامعه;9
صندوق;9
دقیقا;9
بخوریم;9
هتل;9
اداره;9
عمر;9
ساده;9
مناسبی;9
ذخیره;9
پریود;9
کوتاه;9
قبلا;9
تست;9
آخرین;9
خورده;9
اطراف;9
نظرم;9
مشکلاتی;9
پهلو;9
چاق;9
خودروی;9
بازم;9
دانشجو;9
کشد;9
خانمی;9
سلاممن;8
پخش;8
خودمان;8
ایراد;8
مصدوم;8
تاخیر;8
دخترم;8
مکمل;8
کانادا;8
اجرا;8
بگه;8
جور;8
کنی;8
رنج;8
باتری;8
عزیز;8
حیوان;8
خواستگار;8
بالاتر;8
شناخته;8
تونه;8
لذا;8
پرونده;8
نان;8
شهرستان;8
کارفرما;8
ضروری;8
تقاضای;8
خارش;8
میگیرد;8
فرصت;8
نمیتوانم;8
حرفه;8
پیاده;8
انگیز;8
امکانش;8
درج;8
بدیم;8
آشنایی;8
اینجانب;8
افزاری;8
طلاق;8
خاموش;8
گریه;8
مدرسه;8
صدور;8
بردن;8
سفارشی;8
طرفی;8
بخواد;8
میخوره;8
تلفنی;8
کیلو;8
بنظرتون;8
باهم;8
افتد;8
12;8
روانی;8
خریدم;8
خونی;8
کلمه;8
امروز;8
میدونم;8
استاد;8
ماده;8
فامیل;8
میدم;8
المللی;8
موجب;8
صرف;8
نزد;8
عملکرد;8
مخصوصا;8
یادم;8
اذیت;8
مارکی;8
بعدا;8
عرق;8
اندازی;8
خوانده;8
پژو;8
اجاره;8
کیک;8
اشتباه;8
مصاحبه;8
نشد;8
زنی;8
پروفایل;8
منظورم;8
اینجا;8
سوالی;8
شدند;8
14px;8
تحقیق;8
دیه;8
خداوند;8
اهمیت;8
واقعاً;8
اضافی;8
امضا;8
فارسی;8
کالاهایی;8
سفارشم;8
شهر;8
جواز;8
هدیه;8
پنیر;8
مبنی;8
هواپیما;8
قرض;8
چندین;8
مراکز;8
رنگی;8
جمهوری;8
مدیریت;8
شم;8
ضعیف;8
سیاه;8
ظاهر;8
اندام;8
آیفون;8
آرایش;8
مجازی;8
لوله;8
دستمزد;8
مسافرانی;8
باور;8
اتفاقی;8
اثبات;8
کودکم;8
۶;8
اتاق;8
شگفت;8
صاحب;8
ناشی;8
صرفا;8
بنظر;8
بلکه;8
لثه;8
زاید;8
مسیر;8
پزشکان;8
پشتیبانی;8
عهده;8
کیست;8
نسبتا;8
مرحله;8
خوندم;8
شرکتی;8
اومده;8
واحد;8
دختران;8
غرامت;8
بگین;8
وسط;7
وخسته;7
26;7
اضطراب;7
علی;7
رسانه;7
کارهای;7
اخلاق;7
15;7
کارشناس;7
strong;7
فیزیک;7
مولتی;7
21;7
آسان;7
شیک;7
بفهمم;7
نمایید;7
کارگاه;7
مسافرین;7
۵;7
معمولی;7
مرور;7
ناراحت;7
شعبه;7
مزایایی;7
a;7
تشریح;7
آورد;7
همینطور;7
میره;7
9;7
حالی;7
نبود;7
سالاد;7
دینی;7
اصلاح;7
پراید;7
لغو;7
یخچال;7
تجارت;7
پیشگیری;7
ABS;7
ساکن;7
اموال;7
پودر;7
دم;7
بستنی;7
گرافیکی;7
تبلت;7
بیماران;7
دانشجویان;7
امتحانات;7
میزنه;7
داشتیم;7
چینی;7
جستجو;7
تمامی;7
serif;7
دیواری;7
بیمارستان;7
بانکوک;7
حاصل;7
غذاهای;7
گذشت;7
دسترسی;7
اخذ;7
جریان;7
هواپیمایی;7
جبران;7
کف;7
اروپایی;7
نقاط;7
دارین;7
دائم;7
اعمال;7
جی;7
بدنسازی;7
عروس;7
شهریه;7
یکدیگر;7
مردان;7
مشاوره;7
خوندن;7
نوشت;7
باشگاه;7
خطر;7
دوربین;7
علاوه;7
مند;7
ریز;7
میگیرم;7
گم;7
علتش;7
شبانه;7
زیان;7
سبزی;7
to;7
جفت;7
هوای;7
میکنین;7
اجرای;7
ارایه;7
رضایت;7
فهمید;7
انگار;7
سرخ;7
کنسول;7
بایست;7
زایمان;7
کامپیوتری;7
فرض;7
مرجع;7
استرالیا;7
بالای;7
کنن;7
همش;7
اتصال;7
باقی;7
باشن;7
پروازهای;7
بفرمائید;7
زمستان;7
علیه;7
تجویز;7
مراسم;7
سپس;7
لوازم;7
دادند;7
کاملا;7
آمادگی;7
نوجوانان;7
فعلی;7
نامحرم;7
ذهن;7
رایانه;7
خواهشمندم;7
یکسال;7
یکسان;7
شکلی;7
معناست;7
ذهنم;7
بدهد;7
ماند;7
ابراز;7
گذاشت;7
درصورت;7
مانع;7
برگزار;7
علائم;7
رسد;7
اختلال;7
زدم;7
بخواهیم;7
نوشیدنی;7
گذاشتم;7
گوش;7
200;7
کبد;7
206;7
مکالمه;7
دوستم;7
تافل;7
تدریس;7
میشن;7
بالایی;7
متوسط;7
میخاستم;7
تقویت;7
توش;7
مایل;7
روشی;7
کوچک;7
میخام;7
کمتری;7
اخلاقی;7
کدامیک;7
مصرفی;7
مواقع;7
بماند;7
ه;7
شناسایی;7
رحم;7
برگ;7
اسپلیت;7
موندم;7
واقعی;7
فر;7
حاوی;7
تمیز;7
ساخته;7
سختی;7
عبارت;7
شام;7
زنگ;7
والدین;7
اید;7
تیره;7
شان;7
نشدم;7
شوفاژدیواری;7
مرخصی;7
اب;7
میدونید;7
دلیلش;7
بدتر;7
گفتم;7
زنده;7
آماده;7
پا;7
نزدیکی;7
خصوصی;7
بیت;7
حیات;6
سوزش;6
۷;6
سنین;6
شکر;6
مشورت;6
بگذارم;6
طلا;6
اروپا;6
پیشاپیش;6
میرود;6
ترجمه;6
هشدار;6
۴;6
اینده;6
درمانش;6
کافر;6
اینستاگرام;6
خواهرم;6
شاهد;6
حرکت;6
پرورش;6
کلیک;6
آنتی;6
مشاور;6
باکتری;6
انها;6
مسئله;6
نهایی;6
حافظه;6
چراغ;6
وبه;6
آورده;6
بله;6
اینجوری;6
منبع;6
پرهیز;6
کشیده;6
جسمی;6
چنانچه;6
طرفین;6
فعال;6
سربازی;6
سرکار;6
مهارت;6
رزومه;6
محبت;6
مشارکت;6
شخصیت;6
حاملگی;6
مواقعی;6
تبلیغات;6
اپ;6
دهنده;6
روحی;6
تصادف;6
وقته;6
24;6
اساس;6
ناخن;6
جسد;6
اموزش;6
دونم;6
نمیره;6
برادر;6
بدلیل;6
قبولی;6
دونه;6
نکنه;6
امور;6
چاقی;6
لکه;6
کارگری;6
کنون;6
نمایندگی;6
گرد;6
عاشق;6
خط;6
پروتئین;6
آمدن;6
روند;6
تره;6
ترتیب;6
کاشت;6
بعدش;6
خواند;6
مهمترین;6
پسرم;6
کارایی;6
چهارم;6
صورتیکه;6
حجاب;6
بجای;6
رفتیم;6
زد;6
خانوادگی;6
کامپیوترم;6
کدومش;6
تلفظ;6
سبزیجات;6
عواملی;6
بروم;6
مسافر;6
باغهای;6
زوج;6
جان;6
اصل;6
نجس;6
انگیزه;6
معدل;6
ماندن;6
میکنیم;6
کابین;6
جوانی;6
دروس;6
شناسید;6
ارتودنسی;6
خودمون;6
توقف;6
درگیر;6
ترجیح;6
گرامر;6
قیمتش;6
مقداری;6
سوزی;6
سالی;6
دقت;6
18;6
تمرکز;6
آدرس;6
ملاک;6
مقایسه;6
دروازه;6
کارگران;6
مناطق;6
خوردم;6
بهادار;6
رای;6
کدومه;6
پوکت;6
همزمان;6
بعنوان;6
مقصد;6
ازکارافتادگی;6
چجوری;6
فناوری;6
نظام;6
برسم;6
مجددا;6
لب;6
تکرار;6
التحصیل;6
مقالات;6
عادی;6
اعتراض;6
شیوه;6
صحت;6
صوتی;6
sans;6
کلسیم;6
مکان;6
اختراع;6
کاملاً;6
وسواس;6
مزد;6
بیاد;6
خوابم;6
میگم;6
برود;6
سفت;6
الگوریتم;6
ناحیه;6
خانوم;6
ترس;6
بگیرد;6
درک;6
is;6
اطرافیان;6
مختلفی;6
دعوا;6
مرکزی;6
اشتغال;6
خطرناک;6
ـ;6
دایمی;6
وای;6
نو;6
نگرانم;6
شکلات;6
جامع;6
لایه;6
نکند;6
بازماندگان;6
یانه;6
میکشم;6
باری;6
شهری;6
نشون;6
مسابقات;6
حوصله;6
حداکثر;6
اینکار;6
ارزان;6
میشوم;6
حدی;6
کارکنان;6
فرم;6
برخوردار;6
اولویت;6
دقیقه;6
جنبه;6
پیتزا;6
موادی;6
لمس;6
داشتند;6
مجرد;6
آخه;6
بهتری;6
خلاص;6
بانکی;6
فرزندی;6
نوعی;6
وکالت;6
زند;6
اسید;6
وقتا;6
دمای;6
پیشرفت;6
نمودم;6
نکردن;6
میگیرن;6
بیارم;6
الحسنه;6
مخالفت;6
رژیمی;6
بند;6
اطلاعاتی;6
برخورداری;6
توانید;6
ظرف;6
حفظ;6
قدر;6
نکرد;6
مشابه;6
ایرادی;6
تصفیه;6
ماهگی;6
میشوند;6
خطای;6
محصول;6
خواندم;6
نداشت;5
روشهای;5
میخواد;5
مناسبه;5
محضر;5
آموز;5
رسانی;5
دستی;5
گواهی;5
سونو;5
مفقود;5
غربی;5
بخشی;5
حقیقت;5
بو;5
آوری;5
اومد;5
کسر;5
تری;5
آنلاین;5
پوشه;5
سقف;5
دیوار;5
خلاصه;5
پارسال;5
کودکی;5
بازنشسته;5
بشوم;5
کافیه;5
آژیر;5
tahoma;5
توسعه;5
امگا;5
خودتون;5
خلاف;5
تاکنون;5
وضع;5
گوجه;5
انداز;5
استخر;5
ادعا;5
رود;5
گرافیک;5
قید;5
پرنده;5
مجلسی;5
پارس;5
محدود;5
باشید;5
اصول;5
یکم;5
ضرری;5
آوردن;5
دانشجویی;5
14;5
تولیدی;5
باره;5
الله;5
ماهیانه;5
نمیکنم;5
واجب;5
لغت;5
کروم;5
تحصیلات;5
وقتها;5
نمیدانم;5
دولت;5
بازیابی;5
گلکسی;5
خامه;5
دلایلی;5
جذاب;5
معیارهای;5
معمول;5
میتونید;5
بتونه;5
چپ;5
چنان;5
سایز;5
متخصص;5
گربه;5
آژانس;5
افتاد;5
چوب;5
مراحلی;5
کشوری;5
نمیخوام;5
ابتدایی;5
بیدار;5
شریف;5
درون;5
کالری;5
سوالاتی;5
وسواسی;5
لباسی;5
ابتلا;5
نبودم;5
بررسی;5
تلاش;5
پاسپورت;5
نکردم;5
امدادگر;5
جریمه;5
خوابیدن;5
میگیره;5
متوقف;5
خب;5
بهمن;5
آنان;5
مرقوم;5
قشنگ;5
جه;5
جو;5
حلال;5
بلد;5
بستگی;5
تمرین;5
کوین;5
مهاجرت;5
قادر;5
محض;5
کباب;5
معماری;5
وقتتون;5
ترکیبات;5
مسئولیت;5
فرمان;5
کالای;5
تقلید;5
فرمت;5
بیشترین;5
آرامش;5
دادخواست;5
طعم;5
صدا;5
arial;5
پیگیری;5
حریم;5
سرشار;5
خونریزی;5
سکه;5
یافت;5
پنجره;5
بزرگی;5
دایم;5
باد;5
درود;5
آشکار;5
وزنش;5
گروهی;5
معادل;5
پوستی;5
بکند;5
بتوان;5
فرایند;5
مربا;5
چطوره;5
سنگین;5
ادب;5
محرم;5
فرزانه;5
شارژر;5
نمیشود;5
شرح;5
خودکار;5
تعریف;5
اپلیکشن;5
امکانات;5
رخ;5
موسسات;5
برداری;5
۱۵;5
عوامل;5
جانبازان;5
الف;5
نیش;5
حجامت;5
ازدواجم;5
لذت;5
کارکرد;5
واقعیت;5
توت;5
بتونیم;5
شوید;5
بپوشم;5
پوستم;5
دائمی;5
سیگار;5
پاره;5
امیرکبیر;5
توبه;5
عدالت;5
پخته;5
یابد;5
سامسونگ;5
شرع;5
هشدارهای;5
ابتدای;5
تیپ;5
۸;5
تصحیح;5
تهوع;5
ابرو;5
فای;5
زیبا;5
شک;5
تشویق;5
میشناسه;5
آنچه;5
سینوزیت;5
دادید;5
حساسیت;5
موقعی;5
نماییم;5
مثلاً;5
قیمتی;5
یخ;5
مسأله;5
اعم;5
رینگ;5
شیرین;5
تنظیمات;5
نیازی;5
بخوره;5
آل;5
سوی;5
28;5
ویزا;5
پتنت;5
کاربر;5
دفاع;5
احساسی;5
چین;5
صبر;5
دسته;5
مرتبط;5
اینجور;5
دزدگیر;5
بدهید;5
برویم;5
ابطال;5
اینطور;5
میخوایم;5
32;5
گلدان;5
مدیر;5
دید;5
تقسیم;5
راههای;5
اونم;5
دستور;5
پرده;5
دهان;5
اونا;5
شنا;5
هوایی;5
27;5
آی;5
همچنان;5
شل;5
بتوانند;5
فعالی;5
تلویزیون;5
SMEs;5
ملک;5
بهداشت;5
ریزش;5
پرسیده;5
مدام;5
کارم;5
نقش;5
نفس;5
حادثه;5
حالیکه;5
بیکار;5
کن;5
مرکز;5
بحال;5
عفونت;5
ودر;5
سردی;5
دفن;5
میخوان;5
دیدنی;5
خسارت;5
تحقیقات;5
ظرفیت;5
علوم;5
انسانی;5
میزنم;5
بمونه;5
بپردازم;5
خستگی;5
مال;5
کادو;5
معدنی;5
امر;5
اف;5
دختره;5
تصویر;5
گزینه;5
زبانی;5
تمایل;5
شدیم;5
برقرار;5
کمترین;5
زحمات;5
تان;5
ویروس;5
مزه;5
عروسیم;5
بذاره;5
مبارک;5
متر;5
ضمانت;5
روم;5
حضرتعالی;5
قطار;5
دانه;5
تنوع;5
لطمه;5
اولش;5
خوانم;5
حرکتی;5
وصیت;5
استخدامی;5
هردو;5
قندم;5
قدیمی;5
همیشگی;4
بدانیم;4
چاپ;4
ماهواره;4
ماهشه;4
متن;4
کتابخانه;4
بالاتری;4
22;4
مسائلی;4
۲;4
اسهال;4
آهن;4
امتیازات;4
مصدومین;4
حدودی;4
میگفت;4
خوار;4
هارد;4
دندانهایم;4
دهانم;4
فرش;4
اکسپرس;4
سینما;4
12px;4
دستم;4
بگویم;4
منع;4
هاست;4
معتکف;4
ستاره;4
معضل;4
اختصاص;4
سریال;4
نمیارم;4
معلولیت;4
شیرخوار;4
فلش;4
ماشینم;4
خواصی;4
واسم;4
هیات;4
سالهاست;4
نیس;4
نکنم;4
باریک;4
ول;4
پایینی;4
نرسیده;4
پردیس;4
رسم;4
دندانی;4
http;4
اغلب;4
نکته;4
شاکی;4
خنک;4
اقساطی;4
کانتر;4
فن;4
نیازمند;4
تجاری;4
گیرند;4
احساسات;4
میلی;4
بلدم;4
بهشون;4
بزرگترین;4
قسط;4
آقایی;4
اصفهان;4
برقی;4
بلیط;4
گران;4
بتواند;4
پایه;4
بستگان;4
تسلط;4
پروتز;4
امیدوارم;4
آگهی;4
بگذارید;4
جعبه;4
تاریخی;4
مجسمه;4
کارکرده;4
انرژی;4
میباشم;4
میترسم;4
آیند;4
اکانت;4
راهکار;4
توجهی;4
عادات;4
سس;4
دوستی;4
امید;4
بیسکویت;4
فضای;4
پیغام;4
helvetica;4
کدومشون;4
برروی;4
برگرداند;4
آگاهی;4
فکری;4
میشد;4
بفروشند;4
هشت;4
حلقه;4
ذیل;4
مقاطع;4
back;4
معنای;4
راجب;4
تجربی;4
بخشنامه;4
بعلت;4
دسترس;4
ایمان;4
رانندگی;4
تاریخچه;4
نتونستم;4
معامله;4
نقص;4
دل;4
موهام;4
مان;4
فریزر;4
نقد;4
خوشم;4
بحث;4
تصویری;4
سهامی;4
دما;4
مونده;4
اروتز;4
موسیقی;4
محکوم;4
بیمار;4
برایش;4
آلودگی;4
نکنیم;4
موعد;4
معاشرت;4
میسر;4
سفیر;4
بودید;4
مادری;4
فوتبال;4
آزارم;4
نماینده;4
چندانی;4
شکسته;4
مسایل;4
قضایی;4
بخصوص;4
روغنی;4
استعمال;4
متعلق;4
استارت;4
یافته;4
رب;4
وسیله;4
سودی;4
بطری;4
بنویسید;4
ادم;4
چیا;4
شاخه;4
بنویسم;4
رتبه;4
غذاها;4
سوختگی;4
مجوز;4
شون;4
بکنید;4
قفل;4
شیشه;4
یوگا;4
فروشی;4
مرطوب;4
کابل;4
خودمو;4
سایه;4
آقای;4
جزو;4
میکشد;4
سردرد;4
عینک;4
لک;4
ستون;4
معده;4
بهره;4
هیچوقت;4
خدماتی;4
شاسی;4
شورای;4
مسجد;4
تسهیلات;4
قهر;4
وایرلس;4
جهانی;4
مرتکب;4
رها;4
زخم;4
عصبی;4
اطلاعی;4
نداریم;4
سالهای;4
روزهای;4
میگذره;4
کفن;4
درستش;4
فعلا;4
متری;4
بایستی;4
بره;4
بذارید;4
سالشه;4
نیمه;4
کالاهای;4
اخیرا;4
ارتقا;4
برداشت;4
لمسی;4
عضویت;4
احراز;4
سری;4
دلایل;4
نشانه;4
صرفه;4
چقد;4
سرماخوردگی;4
ضامن;4
مزمن;4
شنیدیم;4
فرهنگ;4
کیوی;4
برادرم;4
ارتداد;4
سگها;4
بردم;4
نتوانستم;4
روت;4
فرودگاه;4
سنگ;4
روح;4
تمدید;4
مقرر;4
جون;4
عاطفی;4
نوجوان;4
درضمن;4
13;4
سلامت;4
فروشگاه;4
نخواهد;4
دانید;4
پنجاه;4
بنام;4
فاقد;4
کاردانی;4
تحریک;4
صندلی;4
هفت;4
اقامت;4
ترمیم;4
وابستگی;4
کارگاهی;4
پلاستیکی;4
شانس;4
آزمایشات;4
بیشتره;4
تعاونی;4
١;4
مزاحمت;4
شبها;4
بوک;4
خروج;4
قتل;4
خطرناکه;4
هایش;4
مادرش;4
اجتناب;4
پلاستیک;4
پردازش;4
مزاجم;4
بگذارد;4
نمیده;4
اسکناس;4
آلمان;4
بکار;4
اعلان;4
ازاد;4
چگونگی;4
نرفتم;4
مشتریان;4
اندرویدی;4
کوچیک;4
م;4
ن;4
پارکینگ;4
تیم;4
ترمینال;4
سونوگرافی;4
سالیانه;4
قوانین;4
تقلبی;4
اخیر;4
لاغرم;4
٥;4
گویم;4
عذاب;4
ابزار;4
چرخ;4
معقول;4
احتیاج;4
اینجاست;4
عقل;4
کمر;4
روکش;4
بلندتر;4
تلف;4
ضعف;4
داند;4
وفاتش;4
مخلوط;4
دیتا;4
بهینه;4
مستقیم;4
شیمیایی;4
ارز;4
کشم;4
گذار;4
خشکی;4
جلویی;4
پاتایا;4
اینم;4
بینند;4
اشخاصی;4
دندانپزشکی;4
نا;4
تی;4
منابعی;4
شبیه;4
ایرانسل;4
معلم;4
بیوتیک;4
عملی;4
واحدهای;4
قبلاً;4
فاکتور;4
جوابمو;4
مستاجر;4
رساند;4
روان;4
دیپلم;4
کفش;4
میمونه;4
سبب;4
اشون;4
راهکارهایی;4
بنا;4
تزریق;4
نمونه;4
دفع;4
رازیانه;4
دیدگی;4
نبوده;4
طبقه;4
کوبیده;4
برسه;4
خونواده;4
عین;4
سرچ;4
مسکن;4
لرنینگ;4
ناموفق;4
فوایدی;4
دیر;4
میبینم;4
منطقی;4
جورایی;4
داغ;4
لینوکس;4
متأسفانه;4
مطالبه;4
سبد;4
همسایه;4
امام;4
انتشار;4
خریدهای;4
ARC;4
رولت;4
بتوانیم;4
ملی;4
بان;4
الزامی;4
استخوان;4
بعدی;4
مجمع;4
مشکی;4
قطعی;4
میخورد;4
کیش;4
ساعتی;4
مبنای;4
آویز;4
ساختن;4
ازاین;4
نقشی;4
قراردادهای;4
اعضا;4
رستوران;4
متصل;4
سایتی;4
جملات;4
اتوماتیک;4
16px;4
فشارم;4
گیرم;4
بکنه;4
فرو;4
حریف;4
درجه;4
اقتصادی;4
بکنیم;4
میکشه;4
سرش;4
بودجه;4
کالاها;4
آپارتمان;4
مسلمانی;4
زیرا;4
خجالت;4
رسیده;4
مودم;4
رم;4
اتمام;4
ناراحتی;4
۳;4
نفع;4
جدایی;4
گیره;4
ربا;4
بعداز;4
رزرو;4
بمیرد;4
وراث;4
استان;4
مطالب;4
عاشورا;4
smile;4
آگاه;4
١٠;4
لینک;4
دانست;4
خوبتون;4
بشود;4
اهن;3
خیس;3
بریزیم;3
ترشح;3
براساس;3
جدول;3
سقط;3
شکمم;3
جوشانده;3
فروشنده;3
احتمالا;3
درامد;3
پلک;3
گذاشتن;3
مهلت;3
هنری;3
امروزه;3
کاشف;3
مدلی;3
ازم;3
سرفه;3
نهایتا;3
خاک;3
بینم;3
مانیتور;3
مطمئنم;3
اراده;3
زیتون;3
تکنولوژی;3
ثانیه;3
راست;3
نقطه;3
پوشاندن;3
حسن;3
ببینیم;3
کارها;3
تیروئید;3
هرچی;3
عضلات;3
سرگیجه;3
ایکس;3
سخته;3
دوستانم;3
ناقص;3
آلمانی;3
دلار;3
آزادگان;3
اوراکل;3
ترشی;3
تکفل;3
افتاب;3
داروخانه;3
روزها;3
سرم;3
پشتیبان;3
برامون;3
درایو;3
اعصاب;3
سلب;3
the;3
میرسه;3
مسدود;3
سلاممیخواستم;3
کوچکتر;3
نود;3
times;3
نشم;3
مرتد;3
سلیمی;3
عاملی;3
رحمت;3
آسیبی;3
مهدی;3
new;3
برده;3
بخار;3
میدین;3
سویا;3
هماهنگ;3
کلید;3
باهام;3
80;3
نمیدونیم;3
علائمی;3
ورودی;3
کمه;3
اقوام;3
مراقبت;3
بیاید;3
br;3
ir;3
کلاسهای;3
سرامیک;3
آقایون;3
استرداد;3
قوت;3
میتوانیم;3
آبان;3
قطره;3
کشاند;3
عضله;3
هامون;3
سفته;3
ممنوع;3
محدوده;3
فرهنگی;3
لیمو;3
خوشبختی;3
آسیاب;3
واگذاری;3
بینیم;3
آرد;3
افسرده;3
کسایی;3
پمپ;3
مزایا;3
هس;3
کج;3
روحیه;3
رهایی;3
موهایم;3
شیم;3
تبلیغاتی;3
تیر;3
تایر;3
مفهوم;3
ریخته;3
معروف;3
محله;3
جویی;3
مکروه;3
همانطور;3
گفتار;3
کودکانی;3
کوچکترین;3
سؤال;3
دومی;3
فرمائید;3
نکات;3
زنبور;3
درختی;3
زحمت;3
جنگ;3
مدعی;3
بزرگم;3
نفره;3
کس;3
نخوردن;3
موافقت;3
بادام;3
خرد;3
ته;3
مرگش;3
امتحاناتم;3
یبوست;3
خریدن;3
علامت;3
خریده;3
انگلیس;3
فروخته;3
دادیم;3
شیرخشک;3
مازاد;3
فرموده;3
سوخت;3
بدو;3
حضانت;3
رگ;3
پاسختون;3
خوشمون;3
بایگانی;3
سالش;3
هسته;3
نقدی;3
35;3
فرقه;3
کش;3
شوهرش;3
مدتیه;3
درآوردن;3
شست;3
اسپری;3
هشتم;3
آجیل;3
مجبورم;3
https;3
قاعدگی;3
خیار;3
شناسی;3
باوجود;3
پیمانکاری;3
کاسه;3
برداشتن;3
پیوسته;3
تناسب;3
مدارس;3
میانگین;3
ببیند;3
کیفری;3
نادیده;3
انتظامی;3
ساق;3
هند;3
عبارتی;3
فرار;3
مهمون;3
میتوانند;3
اینگونه;3
زاده;3
پرستاری;3
کمپرسور;3
ترسند;3
اعتکاف;3
ارزیابی;3
آمار;3
کارش;3
جرات;3
کشورها;3
خارجه;3
رومینگ;3
مدته;3
مزیت;3
انداخت;3
آنقدر;3
تعدادی;3
امروزی;3
ریشه;3
ضد;3
تأخیر;3
گازدار;3
الکتریکی;3
پزشکم;3
مرجعی;3
برات;3
آموزان;3
خداست;3
باروری;3
اونجا;3
غلظت;3
واتس;3
تاتو;3
جانبی;3
دراز;3
چاره;3
مبتنی;3
درش;3
زردی;3
بندازم;3
تکراری;3
مالکیت;3
سوء;3
وقوع;3
سوز;3
اومدن;3
Google;3
نویس;3
چنده;3
پیشرفته;3
دعا;3
شریک;3
قنادی;3
شهریور;3
پلو;3
شکست;3
موها;3
روانشناسی;3
اقساط;3
میخونم;3
تخت;3
nan;3
کیسه;3
برسد;3
پختن;3
قاتل;3
درحال;3
تابلو;3
آدمی;3
ش;3
کارمند;3
بورسیه;3
سابق;3
آفتاب;3
بارداریم;3
شهادت;3
اینقدر;3
د;3
میریم;3
دوستانی;3
واحدی;3
دغدغه;3
متنفرم;3
سرباز;3
ظاهری;3
آسمان;3
بادمجان;3
غدد;3
ضدقفل;3
گرمایش;3
وضمنا;3
میتونن;3
آنکه;3
فروشش;3
دکمه;3
هربار;3
آپارتمانی;3
شخصا;3
تغییرات;3
گوید;3
حوادث;3
تنبلی;3
زمانش;3
درستی;3
عروسیمه;3
افکار;3
تونیم;3
مشهد;3
سشوار;3
زبانم;3
زنا;3
استحقاقی;3
گردو;3
هماهنگی;3
لیتر;3
فود;3
اصرار;3
مغایرت;3
پن;3
پدرشان;3
فقرات;3
نداده;3
روشهایی;3
ارثی;3
منظم;3
کتابها;3
بگذره;3
سپری;3
همکاران;3
بزارم;3
گازی;3
ازشون;3
فشرده;3
خورم;3
تعمیر;3
متورم;3
افتتاح;3
جمعیت;3
حسی;3
ترجیحا;3
مغازه;3
جوابی;3
بخورد;3
برنج;3
هک;3
معتبری;3
قسمتی;3
نادرست;3
اینورتر;3
حسابداری;3
متنی;3
سراسری;3
بشی;3
گلابی;3
اشکالی;3
بشیم;3
خورش;3
گیربکس;3
هتلهای;3
تفریح;3
فوری;3
گرچه;3
قالب;3
تاثیرات;3
شتر;3
پارچه;3
مندی;3
جرمگیری;3
پدری;3
آبیاری;3
131;3
پرپشت;3
دخول;3
مصرفش;3
کمال;3
آزار;3
همشون;3
کشورمان;3
مبلمان;3
کلسترول;3
ازتون;3
حروف;3
شهرهای;3
فکی;3
مک;3
معایب;3
تاپی;3
هندی;3
کوتاهی;3
روده;3
چندی;3
شستشوی;3
خجالتی;3
پلی;3
15px;3
ترشحات;3
i;3
وقتش;3
بازه;3
مکانی;3
تمایلی;3
مشترک;3
صفر;3
مقاوم;3
کولرهای;3
نداشتن;3
برندی;3
فواید;3
بزنند;3
مسافرتی;3
سیر;3
خرابی;3
موضوعات;3
چیزهای;3
غلیظ;3
میّت;3
مثبتی;3
بمانند;3
بیاورم;3
انار;3
تنهایی;3
التحصیلان;3
پیشنهاداتی;3
عارضه;3
ایمنی;3
عصبانیت;3
درایور;3
مرحوم;3
مژه;3
موثره;3
فهمیدم;3
افت;3
پیامهای;3
roman;3
I;3
عید;3
رویش;3
نداشتند;3
اعداد;3
بفرستید;3
پرایدم;3
s;3
عمو;3
خفیف;3
شو;3
امپول;3
سبکی;3
ایی;3
۲۲;3
بدهند;3
کجاها;3
c;3
بپردازد;3
دیپ;3
بزنیم;3
میشناسید;3
کتک;3
اینا;3
نیستیم;3
خوراکی;3
توهین;3
سهامدار;3
توده;3
درچه;3
توافق;3
محدودیتی;3
حمام;3
میت;3
واینکه;3
دلخواه;3
لغات;3
جویدن;3
ست;3
بفرستم;3
180;3
بذاریم;3
نوشابه;3
پاییز;3
گیج;3
ومن;3
افتادگی;3
کندن;3
والان;3
خروس;3
on;3
زوجه;3
تار;3
تسویه;3
قراردادی;3
پنجم;3
ایستگاه;3
ترانس;3
مزیتی;3
جانوران;3
قدیم;3
فایرفاکس;3
دوس;3
شمول;3
انعقاد;3
فراهم;3
نمیگیره;3
آموزشگاه;3
سانتی;3
الکترونیک;3
محلی;3
بودیم;3
شدیدا;3
اتومات;3
همسرش;3
ثالث;3
بخواهد;3
اوایل;3
نظرات;3
راستی;3
هی;3
بزنید;3
محصولاتی;3
بگوید;3
دایره;3
رایج;3
نباشیدمن;3
آرزوی;3
طبع;3
بسر;3
عکاسی;3
ناراضی;3
میز;3
خویش;3
شیمی;3
جوابشو;3
طریقی;3
کپی;3
بازدید;3
آرایشی;3
تخصص;3
بارها;3
اینست;3
کشف;3
استانبول;3
دفتر;3
معرض;3
طریقه;3
ساختمان;3
تیکه;3
دستورالعمل;3
کتابهای;3
کشیدن;3
ISI;3
انتظار;3
آسم;3
خواهران;3
دهی;3
واز;3
پیامبر;3
خوبن;3
اونو;3
تفت;3
اسکایپ;3
95;3
نظرسنجی;3
نمیتونه;3
برگردد;3
امانت;3
نقاشی;3
فیسبوک;3
17;3
عموی;3
زنم;3
بلافاصله;3
94;3
اکو;3
دام;3
آیلتس;3
هرکدام;3
اقرار;3
کالبد;3
خوردنش;3
مامانم;3
مجله;3
خالی;3
واسطه;3
2سال;3
بازدهی;3
عده;3
اموز;3
استعلاجی;3
وصول;3
دفعه;3
خوشش;3
تاسیس;3
نمیدهند;3
باغ;3
گرسنگی;3
وقتم;3
پسرها;3
پارک;3
65;3
ببرم;3
شیرینیجات;3
ظهر;3
قصاص;3
ندادند;3
ارتباطی;3
تقریبی;3
بنویسیم;3
رطوبت;3
آره;3
60;3
انباشته;3
آستانه;3
خواهید;3
رفتارهای;3
خشم;3
آشنایان;3
شدگان;3
۹;3
معین;3
فرستاده;3
مسن;3
متولد;3
سرقت;3
پفی;3
میبره;3
نظرش;3
وبلاگ;3
adsl;3
گشت;3
اردبیل;3
عجله;3
وضو;3
نکنند;3
دیدگاه;3
بگیرید;3
مرتبه;3
شر;3
منبعی;3
بخورند;3
دانمارکی;3
رسیدم;3
کمرم;3
فیلو;3
تناسلی;3
حوزه;3
اسپرم;3
برگزاری;3
واژه;3
بهمون;3
رد;3
درخصوص;3
گذارد;3
تمرینات;3
ابونتو;3
Error;3
ظاهرا;3
کانون;3
هرچیزی;3
داشتید;3
بهانه;3
تاپم;3
شکافی;3
نمیشم;3
درصورتی;3
تیرامیسو;3
دردناک;3
سورس;3
قولنامه;3
دریایی;3
ببرید;3
انگشتر;3
طلایی;3
عقب;3
com;3
بدنی;3
ازمون;3
سواری;3
نمک;3
امن;3
اولی;3
ندادم;3
بلوغ;3
احکام;3
قطعات;3
عقیده;3
ولیّ;3
دکترای;3
پرت;3
اکثرا;3
تاج;3
منطقه;3
پایینه;3
تخفیف;3
جهیزیه;3
شرکتهای;3
ندادن;3
گردش;3
حرکات;3
خام;3
ترافیک;3
زنند;3
حرارت;3
همگی;3
۱;3
تقلب;3
کمکی;3
تخلیه;3
اوضاع;3
همسرتان;3
خیابانی;3
همکلاسی;3
اینترفیس;2
برچه;2
سستی;2
خواستیم;2
تضمینی;2
گرفتار;2
120;2
معیار;2
بزرگوار;2
میکنی;2
ناامید;2
بشکه;2
الخط;2
مدنظر;2
مشخصه;2
مردد;2
هفتگی;2
تبریز;2
نگفته;2
نوجوانانی;2
کرنر;2
دلفین;2
پایبند;2
وادار;2
بیا;2
رهن;2
حاره;2
ضعیفم;2
هوازی;2
بدخوری;2
اونطور;2
خطرپذیر;2
خوایم;2
کلاسی;2
وضعیتم;2
نباشن;2
رفتارش;2
استرینگ;2
درصدی;2
خودداری;2
برگهای;2
ریش;2
وسلام;2
بالاست;2
نواختن;2
یکدست;2
براتون;2
اطلاعیه;2
پرتابل;2
DPS;2
ذهنی;2
بمانی;2
بفرستیم;2
سیویک;2
شنیدن;2
دستتون;2
منتظر;2
نیازمندی;2
ارتدنسی;2
دیوان;2
مقابلتان;2
موبایلی;2
بشویم;2
وابستش;2
ماجرا;2
دریافتی;2
کارمندان;2
نگید;2
پوسیدگی;2
سایتهایی;2
برسانم;2
عام;2
چشمام;2
استرالیایی;2
سهامداران;2
بچگی;2
کودکانه;2
افغانی;2
جیلی;2
میشناسین;2
141;2
میهمان;2
زهرا;2
18px;2
بینایی;2
بخونیم;2
ورزشکار;2
معنایی;2
نخورم;2
۲۳;2
۲۷;2
حرفی;2
کبابی;2
بخورید;2
خلاقیت;2
app;2
۲۴;2
پریودم;2
۲۵;2
وجوب;2
بکشم;2
برس;2
ارزشمندی;2
عمده;2
مجتهد;2
47;2
45;2
مسدودی;2
برو;2
میخواهد;2
میدیم;2
کلیدی;2
افزودن;2
جدی;2
خواندنم;2
وآیا;2
بات;2
بنماید;2
لایحه;2
فاویسم;2
موفقی;2
راهکارهای;2
شاغلم;2
پیامد;2
سروصدا;2
بلوتوث;2
رأی;2
*;2
چشمی;2
پاشیده;2
تاپیک;2
مستاجرین;2
کفایت;2
43;2
شرق;2
درسایت;2
جلب;2
خبری;2
کشند;2
پرندگان;2
دفترم;2
انتفاعی;2
کدومو;2
گرما;2
٩;2
بکشیم;2
کودکمان;2
شبای;2
مقام;2
نوزادم;2
مطالباتی;2
بعضیها;2
امتیازدهی;2
شایع;2
خاله;2
گذاران;2
تیرگی;2
خطراتی;2
بوجود;2
مترافعین;2
270;2
وزارتخانه;2
اجساد;2
بخشیده;2
ماندگار;2
تصرف;2
صمیمی;2
بلندمدت;2
قاعده;2
نوجوانی;2
اتومبیلی;2
فیل;2
لطیفه;2
کشتن;2
صورتجلسه;2
وارسال;2
ترش;2
رویه;2
ترد;2
محوطه;2
انگلیسیم;2
صابون;2
حدس;2
خواهان;2
اعتقادات;2
نشستن;2
سوپاپ;2
گردیده;2
شدی;2
وتا;2
گوییم;2
بفهمیم;2
بیندازد;2
مسدودیت;2
نارنجی;2
405;2
منتهی;2
نشسته;2
رغم;2
رهنمایی;2
عطر;2
زنجبیل;2
قیافه;2
شخصیتی;2
خیریه;2
زیادتر;2
راهنماییتون;2
هوشی;2
تعجب;2
بشوییم;2
یوسف;2
full;2
هاتون;2
مختصر;2
متشکل;2
گشاد;2
مفسده;2
نشاسته;2
ظلم;2
شکلک;2
29;2
میگردم;2
حقّ;2
اماکن;2
چجور;2
بلغور;2
نیل;2
لازمه;2
داخلش;2
غرب;2
فرمول;2
ویروسی;2
جمعی;2
پارادوکس;2
بریزم;2
راننده;2
جسدی;2
میکن;2
اسپیرو;2
هورمون;2
دیرتر;2
نتوانسته;2
دیدید;2
میداند;2
کاندوم;2
سینی;2
ظرفیتی;2
مروارید;2
ماهانه;2
نده;2
اوتیسمی;2
گرسنه;2
اموزشی;2
س;2
مکانیک;2
لبتاب;2
قراره;2
فیزیکی;2
ج;2
H;2
بوس;2
تیمم;2
خ;2
پاکسازی;2
عربی;2
درزمینه;2
خودی;2
تندرستی;2
آبها;2
ادیان;2
متقابل;2
خاکشیر;2
خالم;2
دوماه;2
خودشان;2
پرخوابی;2
محروم;2
مخرب;2
اسپم;2
نحو;2
موکل;2
بیداری;2
دخالت;2
اونجاییکه;2
تابحال;2
خلأ;2
بگیم;2
نامزدی;2
مدرس;2
بک;2
نری;2
اکسل;2
لوازمی;2
تخلف;2
عمیق;2
فرا;2
عبور;2
ادعایی;2
اواخر;2
دومم;2
استارتاپ;2
انداختن;2
وگرنه;2
انسولین;2
باکیفیت;2
جداگانه;2
مخالفند;2
ابروها;2
مدّت;2
منظورمه;2
میدهد;2
عقلم;2
پولم;2
100%;2
مستحکم;2
احتراما;2
کپسول;2
عالیه;2
فیلمهای;2
ارزشیابی;2
توریست;2
وکیل;2
فضا;2
بسازم;2
سانت;2
بلاک;2
گلوکز;2
درب;2
93;2
پایینش;2
جانباز;2
دبیر;2
بوق;2
سرو;2
هرگز;2
مغزی;2
جاهایی;2
دوستش;2
اسیب;2
واردات;2
بروزرسانی;2
لیوان;2
کلش;2
مجازات;2
انرا;2
صلاحیت;2
ادعای;2
لهجه;2
علل;2
تفسیر;2
پسران;2
سکونت;2
خواهرشون;2
هیچکس;2
Language;2
وبا;2
فیلترهای;2
پروازی;2
ریخت;2
ضمان;2
فرآیند;2
دائی;2
آیسینگ;2
ویژگی های;2
آرتروز;2
تکون;2
کشورهایی;2
لمینیت;2
خلق;2
چسبندگی;2
بازیگر;2
واحترام;2
اتوبوس;2
صوت;2
همسری;2
گوشیم;2
مستند;2
حسابی;2
دود;2
ترکیب;2
ماشینی;2
پارت;2
تخریب;2
خاصیتی;2
گرون;2
اعتراضی;2
نیازه;2
الیه;2
عکسا;2
دوام;2
خطا;2
میرن;2
یاخیر;2
آله;2
بفروشن;2
لحظه;2
حتماً;2
کارشون;2
بحثی;2
حالم;2
مخصوص;2
مبنا;2
شناسنامه;2
تشریفات;2
مارو;2
عسر;2
راضین;2
درختچه;2
بازارها;2
دادگستری;2
درصدایی;2
دلهره;2
خیم;2
بالاش;2
تئوری;2
زینک;2
امثال;2
بدونه;2
نداری;2
نمیتواند;2
نبرده;2
حیاط;2
مخدوش;2
مشابهی;2
منصرف;2
مهمتر;2
کارای;2
بهترند;2
ارشدم;2
اصولا;2
اصلاً;2
نوار;2
جات;2
بزرگه;2
امسالم;2
آوار;2
اشیاء;2
پشیمان;2
04;2
آپشن;2
شکمش;2
آقایان;2
بیایی;2
90;2
قندی;2
هاشمی;2
نشست;2
92;2
پدربزرگمون;2
زندان;2
اونقدر;2
روشنه;2
قوس;2
نرسد;2
کاملی;2
تأمین;2
خردسال;2
زا;2
تمکین;2
شیطرج;2
خودتان;2
هرچند;2
گاها;2
خوشگل;2
کیفی;2
سریعتر;2
کردید;2
زدند;2
حوله;2
جانبه;2
موضعی;2
تجربگی;2
باللّه;2
صنعت;2
وفرزند;2
متد;2
مخاطبین;2
قندخون;2
جدای;2
فروختم;2
دلمه;2
مطلق;2
اسپرتش;2
چ;2
نیاید;2
خنده;2
اجباری;2
کتب;2
پارتیشن;2
عزیزم;2
کشید;2
بکر;2
اقا;2
تون;2
دوو;2
tool;2
مشکلو;2
نامبر;2
تابستون;2
فساد;2
پیوست;2
جاری;2
صنعتی;2
کست;2
ریه;2
بشین;2
موت;2
کلنز;2
سلولهای;2
نباشند;2
آش;2
غیبت;2
زانوهایم;2
مازندران;2
نوزادان;2
نامرتبی;2
حقارت;2
موز;2
مزاحم;2
ناسالم;2
E;2
عمویم;2
تق;2
چرایی;2
نقل;2
دریا;2
بدترین;2
گیم;2
وزارت;2
یکجا;2
حساسی;2
عمدی;2
استقلال;2
جند;2
مینای;2
نوکیا;2
جاده;2
میکرده;2
#FF0000;2
background;2
عروسم;2
36;2
قدش;2
دمنوش;2
اینطوری;2
سپند;2
بیهوشی;2
چالش;2
میبرم;2
قضا;2
میشناسم;2
سکس;2
دخترای;2
انجامد;2
تنم;2
کشت;2
بفهمونیم;2
منتها;2
زعفران;2
معتمد;2
220;2
پیروزی;2
بازرگانی;2
قصدی;2
بدنه;2
بالینی;2
محمد;2
تاحالا;2
حرج;2
بازهم;2
سینمایی;2
محموله;2
زرافه;2
آزادی;2
خوشمزه;2
فیتنس;2
3D;2
کارا;2
سیلندر;2
برادران;2
درمورد;2
for;2
بمن;2
شات;2
میتوانید;2
عرصه;2
دیسکی;2
تأثیری;2
ورزشکاران;2
آموختگان;2
155;2
160;2
167;2
164;2
سوکت;2
دورتر;2
ازخودم;2
برون;2
gephi;2
مادرشان;2
255;2
توانسته;2
کامپوزیت;2
گذرد;2
254;2
بالاتره;2
اولیای;2
میافتد;2
خروجی;2
واستفاده;2
253;2
جشن;2
نمیکند;2
پیراهن;2
ارجحیت;2
کتابخونه;2
راهنمائی;2
فقهی;2
بدرستی;2
مثه;2
بیام;2
دایی;2
800;2
مشاورین;2
اثرات;2
کامندلاین;2
تحریم;2
آندروید;2
بچسبونیم;2
کمیسیون;2
عث;2
حامله;2
رونق;2
بکشد;2
بستری;2
کلیشه;2
لیفتینگ;2
شهود;2
آزمایشم;2
عقدمه;2
نیاد;2
it;2
استدعا;2
جایگزینی;2
اندیشه;2
رهگیری;2
org;2
مسابقاتی;2
تنیس;2
هئیت;2
هیچگاه;2
قطارهای;2
ساختش;2
تراشیدن;2
شهرهایی;2
گرمای;2
تقدیم;2
ناچار;2
سرطانی;2
ایمیلم;2
بالام;2
بس;2
میخرم;2
مارگارین;2
پرتقال;2
اهمال;2
لپتاپ;2
داماد;2
واژن;2
عوارضی;2
قارچی;2
تونستم;2
تراست;2
میدانید;2
بیجا;2
TIG;2
یهو;2
شکاینت;2
132;2
file;2
تونست;2
مقنعه;2
مرز;2
اتول;2
مدافع;2
نگرفتم;2
٧;2
میرسم;2
دخترا;2
منظر;2
رجوع;2
حرم;2
پردازی;2
کارتهای;2
مطلوب;2
ثمین;2
نمیبینم;2
وبرای;2
تجاوز;2
نیارم;2
منظوره;2
سرزنش;2
سحر;2
فونت;2
ازمایش;2
کبیر;2
مقدسات;2
نمیشینه;2
۳۰;2
پیامها;2
نگرفتیم;2
تأثیرات;2
راهنمای;2
دروغ;2
برگشته;2
پسندم;2
مینیاتوری;2
دسر;2
درمدت;2
قاره;2
مکانهای;2
کاردانیم;2
تکلف;2
بهت;2
دانشجویانی;2
بیاریم;2
پوسته;2
قلبی;2
بزارین;2
اثری;2
گود;2
چندان;2
محتویات;2
کارهایم;2
الزحمه;2
اروم;2
مذهب;2
پایینم;2
مقدس;2
بیاوریم;2
رنو;2
کلاهبرداری;2
نمیکنن;2
تحمل;2
رییس;2
تیمی;2
ندم;2
قول;2
تورهای;2
کشش;2
شعب;2
برنجی;2
الملل;2
همکارانتان;2
اپرا;2
چایی;2
ونگهداری;2
زینب;2
مضرات;2
پاسخگوییتون;2
رفسنجان;2
مجتمع;2
جوریه;2
دفترخانه;2
178;2
معارف;2
پایتون;2
فست;2
میگرن;2
مستاجره;2
بلغمی;2
قرعه;2
دردسر;2
2بار;2
دیجیتال;2
رستورانها;2
دائما;2
نیفتد;2
رمان;2
دندونهای;2
هدفم;2
جستجوی;2
سزارین;2
نشدن;2
اساتید;2
معاف;2
توضیحات;2
نبودن;2
سقوط;2
نکردند;2
کمکش;2
اتومبیلها;2
موتوری;2
جوون;2
تزئین;2
پرینت;2
مارکایی;2
پام;2
معینی;2
11;2
زردچوبه;2
فامیلی;2
منتشر;2
پرسنل;2
مشکلش;2
قدری;2
جزیی;2
استفراغ;2
خریدار;2
جیغ;2
درشت;2
اسپرسو;2
داروها;2
تخصیص;2
اقلامی;2
میخوانم;2
لانه;2
فلسفه;2
تصاویر;2
زناشویی;2
آقا;2
موجر;2
ایستاده;2
استاندارد;2
پاسخگویی;2
نسب;2
نامگذاری;2
زانو;2
گفتگو;2
s9;2
g;2
متحده;2
درمانهای;2
معکوس;2
خوان;2
پف;2
مانتو;2
قرمزی;2
نیومده;2
اکثریت;2
کراوات;2
مساجد;2
رفاه;2
مزون;2
علایم;2
قلبش;2
پیشتاز;2
task;2
اسکات;2
خرم;2
ببره;2
ترسم;2
چشمم;2
کوه;2
کاربردهایی;2
اجتهادا;2
اپشن;2
اعضایش;2
طاقت;2
مدیران;2
خودکشی;2
وابسته;2
ذهنمو;2
جسم;2
سهمی;2
پایتخت;2
میکروفون;2
میکرد;2
واین;2
طوریکه;2
نامرتب;2
ندیدم;2
لزوم;2
صحیحش;2
نیروی;2
were;2
نگرفته;2
گندم;2
بعضا;2
نمیزنم;2
مطابق;2
صلاح;2
یکیشون;2
بعضاً;2
مالزی;2
تخمدان;2
داروسازی;2
چشمان;2
صعود;2
بانوان;2
سیلمی;2
نورا;2
نفی;2
کردنش;2
خانوادش;2
جایگاه;2
ضربان;2
طبیعیه;2
گوشه;2
زیبای;2
قدرت;2
یکیش;2
مبنایی;2
سیاست;2
75;2
راسل;2
کنجد;2
شیرم;2
متداول;2
تجهیزاتی;2
خاکستری;2
600;2
پیچیدن;2
میدونیم;2
سرما;2
منی;2
هیچگونه;2
معتقدند;2
بشناسیم;2
یکدفعه;2
زشت;2
کدهای;2
متهم;2
سرقفلی;2
عزل;2
خواهشمند;2
ترکی;2
دامن;2
عود;2
ورک;2
لنسر;2
مراکزی;2
کپک;2
گذره;2
نداشتیم;2
صدایی;2
پرسید;2
کافه;2
ارد;2
استروژن;2
املاک;2
نجاست;2
چادر;2
لاغرتر;2
کوهان;2
الانم;2
شلاق;2
آمپول;2
ازنظر;2
کشورمون;2
استناد;2
هوندا;2
لباسهای;2
تحقق;2
سیسمونی;2
شادابی;2
علیهم;2
کرمان;2
دوانی;2
آلبوم;2
چیکارکنم;2
مجردم;2
ادبیات;2
چیستند;2
قابلیتی;2
شکستنی;2
دانشکده;2
۴۱۰;2
مستجاب;2
کولر;2
امواج;2
خوردگی;2
تمرکزم;2
بیوانفورماتیک;2
چشماش;2
PDS;2
اپلیکشنی;2
طلب;2
گیرنده;2
بنزین;2
فنجان;2
خرما;2
جنوب;2
C;2
نمودند;2
کابینت;2
موند;2
اعتیاد;2
هنگامی;2
مذکور;2
ومشکل;2
افزارهایی;2
سالمی;2
توقیف;2
بخوابیم;2
کورسا;2
گلم;2
تشریحی;2
گلو;2
غلبه;2
تصور;2
نشانی;2
اساسی;2
وبسایت;2
غروب;2
شیب;2
پردازنده;2
کشدار;2
صلی;2
قبلیم;2
وضغیت;2
صادقانه;2
مقالاتی;2
پیشه;2
مجموع;2
فریم;2
میریزن;2
دوگانه;2
کیلوبایت;2
بتونید;2
میزند;2
اسباب;2
مبارزه;2
سیستمی;2
بزنه;2
nasim;2
تویوتا;2
جمعه;2
جسورانه;2
ادراری;2
اسامی;2
ورثه;2
یقین;2
دردستگاههای;2
میپرسن;2
همدم;2
verdana;2
میباشند;2
معلوم;2
وجوه;2
بالاخره;2
science;2
میتوتم;2
انتهای;2
جام;2
مطالبی;2
خونشون;2
امد;2
پلیس;2
تحلیل;2
شناختی;2
امیر;2
خطوط;2
موتورهای;2
فیبروبلاست;2
تمیزتر;2
کاغذ;2
پیکان;2
خودشون;2
ژاپنی;2
یافتن;2
خرچنگ;2
مابقی;2
مخفی;2
مبتذل;2
نون;2
هرکس;2
اتوکد;2
تحصیلیم;2
انسانها;2
مانده;2
باخبر;2
پذیره;2
شامپو;2
پریودیم;2
اعدام;2
مگابایت;2
السلام;2
اظهار;2
zip;2
لبو;2
38;2
بگیرند;2
حسین;2
همونطور;2
سلامخانم;2
منکر;2
معدم;2
سایتهای;2
وکفش;2
مجموعه;2
یو;2
بیشمار;2
میخواهیم;2
شرایطم;2
الناس;2
ومجسمه;2
اعتقادی;2
چهل;2
چرخدار;2
سفری;2
لواط;2
فایلهای;2
نچسبد;2
نمره;2
سیستمم;2
نبض;2
عوضش;2
موهامو;2
خوانی;2
الآن;2
نمیدم;2
رسوب;2
سیزده;2
پشیمون;2
ماهم;2
قفس;2
his;2
کفر;2
دخانیات;2
شناخت;2
کوچکترند;2
مربوطه;2
اسمز;2
غرق;2
نمایندگان;2
دندونای;2
وجدان;2
ویژگیهایی;2
خودآموز;2
شرعا;2
گزار;2
مخدر;2
مداد;2
مغذی;2
اتفاقات;2
هویج;2
ریکاوری;2
کوکتل;2
فری;2
مفیدی;2
صرانه;2
بیست;2
اطلاعاتم;2
حُکمی;2
انکار;2
صوفیه;2
معیارهایی;2
مفاصاحساب;2
بغل;2
png;2
504;2
معمولیه;2
مایونز;2
میدان;2
خودروهایی;2
تروپیکال;2
مستحب;2
اورده;2
خانوادم;2
چندبار;2
مقاومت;2
هواش;2
موازین;2
هفتاد;2
ارایشی;2
حتّی;2
63;2
جائز;2
ارزشی;2
خودمه;2
لق;2
واعتبار;2
نت;2
خونده;2
تولیدات;2
عریان;2
خواستگارهای;2
مؤثر;2
پیاز;2
مالک;2
کرج;2
جناب;2
بنابراین;2
قارچ;2
بپیوندد;2
500;2
کارینا;2
نخریم;2
سرده;2
نحوة;2
شرطی;2
برنده;2
بدجور;2
وخرگوش;2
وانت;2
نصیحت;2
کریم;2
نمیبیند;2
عملا;2
موتورخانه;2
فروردین;2
میارن;2
چیزیو;2
جاقی;2
تقلیدا;2
تهیۀ;2
ساعاتی;2
شمسی;2
گرفتیم;2
فحاشی;2
امتناع;2
گرونی;2
متعال;2
ضربه;2
بیماریهای;2
network;2
نسیه;2
صد;2
امتیازهایی;2
نسیم;2
interface;2
کارگزاریهای;2
میتسوبیشی;2
آرایشگاه;2
59;2
دررشته;2
اخطار;2
پرسک;2
55;2
57;2
گزنه;2
وتقریبا;2
آبله;2
موم;2
مصادیق;2
التحصیلی;2
پروتین;2
میتونی;2
دیابتی;2
بذارم;2
دورکاری;2
وشاید;2
کلم;2
آروم;2
نگهش;2
انتظارات;2
درنظر;2
7ماه;2
آمیزش;2
مطلب;2
بزرگتره;2
خواستگارم;2
برش;2
پذیرایی;2
کیس;2
اتومبیل;2
سپاسگزارم;2
تقویتی;2
آغاز;2
هرکاری;2
بگذاریم;2
ایمپلنت;2
بیاموزم;2
سوار;2
بگیری;2
پاشنه;2
امپولهای;2
مجدداً;2
نابینا;2
عملیات;2
پرسش;2
جانب;2
ماندگاری;2
نیازهای;2
دکترم;2
تنفس;2
حکمش;2
اقتصاد;2
زور;2
نمیدونستم;2
سواله;2
نماد;2
خرج;2
لوزه;2
بادرنجبویه;2
لبخند;2
تابلوهای;2
میزارن;2
جنگی;2
امیدی;2
was;2
تکمیل;2
memory;2
فصلی;2
١٤;2
برتر;2
iphone;2
vc;2
انگشت;2
افسردگی;2
بازارهای;2
واضح;2
روزا;2
تاثیراتی;2
ببندیم;2
ردش;2
باجه;2
باهمسرم;2
پین;2
Gephi;2
قتلی;2
خمیردندان;2
خستم;2
عواقب;2
شهرتون;2
مرغان;2
واگر;2
وکالتی;2
مدگرایی;2
ویتامینی;2
مشکوک;2
ماستفت;2
چکارکنیم;2
امنیت;2
برعکس;2
سرگرمی;2
نرخی;2
مدار;2
تلقی;2
تایپ;2
محافظ;2
کاریابی;2
تکثیر;2
اسبها;2
ورد;2
اورم;2
کر;2
کشیدگی;2
تایم;2
CPR;2
جدیدا;2
مبرد;2
کنفرانس;2
لیستی;2
ساعته;2
پرسیدن;2
چتها;2
جاهای;2
تجهیزات;2
زیادش;2
porsak;2
اسپانیایی;2
چروک;2
رایت;2
اخر;2
تقاضا;2
شهرها;2
صحنه;2
قبال;2
ناشتا;2
۱۰;2
حقیر;2
فریز;2
سانتیمتر;2
نوک;2
هتلها;2
لازانیا;2
گسترده;2
ندارن;2
مثانه;2
فولدرهای;2
گلدون;2
خال;2
درسم;2
بزرگسال;2
باهوش;2
فلان;2
دربارش;2
خصوصا;2
4ماه;2
دهن;2
قاری;2
حدوداً;2
۱۸;2
اضطراری;2
فیس;2
سکوت;2
ADSL;2
اگرم;2
حیوانی;2
چندسالی;2
فابریکی;2
نابودی;2
مسیرهای;2
شهودی;2
ویک;2
تجارب;2
پاسخگو;2
بشن;2
بامبو;2
هیچی;2
نامی;2
امون;2
سازمانی;2
گری;2
برچسب;2
ودرمان;2
قبلش;2
شباهت;2
اصولی;2
مفهومی;2
تبیان;2
اصن;2
طرحی;2
اندازد;2
سرکه;2
فوریه;2
هریک;2
موضوعی;2
سالها;2
عطاری;2
نابود;2
پسورد;2
برهم;2
براق;2
میذارن;2
سویق;2
مرورگرهای;2
شکستگی;2
داستان;2
فولیکول;2
پرتاب;2
محافظت;2
سلامآیا;2
امتیاز;2
رادیو;2
معالجه;2
شانه;2
اسیدی;2
میدن;2
مار;2
مکالمات;2
وگفته;2
پریز;2
فراگیری;2
سلاممدت;1
باسلاممن;1
بردار;1
قدمی;1
فیتینگ;1
مطلبی;1
امتحانای;1
٢٤سالمه;1
متقبل;1
اذیتم;1
دادو;1
پسرا;1
میکشی;1
عقیم;1
فروند;1
بابابزرگش;1
خانوادمم;1
میکروئید;1
نمیرسه;1
تدبیرکننده;1
متاهل;1
چیجوری;1
وحدودا;1
وخشک;1
عموهام;1
Mall;1
درموعد;1
طوس;1
آزمونهای;1
رویی;1
نمیفهمم;1
گرافی;1
اختصاصی;1
سریلشم;1
بودنم;1
1335;1
استادیو;1
بودنه;1
پیشین;1
ایثارگری;1
مصوب;1
وپیچیده;1
اور;1
ویلایی;1
لینگ;1
نظافت;1
سقفش;1
پروتزبه;1
نخ;1
تهمت;1
بستن;1
شهدا;1
فلسطین;1
محترمسومعاشرت;1
خسیس;1
پاهایی;1
گوشیGLX;1
قرصام;1
بگن;1
احتراممن;1
وعلت;1
ودروس;1
انجین;1
تروخدا;1
باردارهستم;1
دیوونه;1
پدرش;1
پاسخم;1
پروتیین;1
جاها;1
yomogi;1
دستبرد;1
فرزندانمان;1
فییس;1
بستم;1
فاحش;1
فرشهای;1
اختلافات;1
میپوشانم;1
زودی;1
بست;1
مادربزرگمه;1
کارآمد;1
تادرد;1
اسپیلت;1
ترخون;1
حجمشون;1
برداشتنش;1
layer;1
برخوردیم;1
میزهای;1
خانمی۲۶ساله;1
میداد;1
دامادی;1
translate;1
شیء;1
روخودمون;1
پاکه;1
یبشتر;1
دهدpoliticalمن;1
snipping;1
مستحبی;1
5نفرمی;1
forward;1
پنجه;1
رفرنس;1
مقطوع;1
موجرین;1
بیاورند;1
هاردم;1
پریودی;1
مفاد;1
وفات;1
نرسیدن;1
ترنجبین;1
بهتراست;1
فروت;1
تبیین;1
نشوند;1
چندتاجاشو;1
ماننده;1
شادم;1
معمولاً;1
یادشان;1
بگیردقد;1
تفاهم;1
بفهمند;1
یاکوچک;1
میکننم;1
زلیخایی;1
huawei;1
وکارت;1
سئوالها;1
cuoldnt;1
شدیدتری;1
انتی;1
تفریحی;1
active;1
تداوم;1
White;1
کوتاهم;1
کنکوریم;1
پورت;1
وگن;1
آبریزش;1
جوابها;1
قادرند;1
سطوح;1
حاصله;1
خیلیییییی;1
فـــــرزندان;1
انجامش;1
شمام;1
باکتریهای;1
یبره;1
سونای;1
مچ;1
چسبی;1
ازمایشهاش;1
جدیدی;1
CARGO;1
تاسیسات;1
QS;1
اوا;1
موثقی;1
پرستی;1
تقلیدی;1
دارا;1
٢٠١٢;1
gives;1
name;1
تکبیر;1
privately;1
سیمانکاری;1
دوستام;1
حواس;1
نوژن;1
Data;1
شکایتی;1
میلیونی;1
انگور;1
سفیدش;1
Reading;1
him;1
جوابتون;1
باکنتاکی;1
حکمت;1
30تا;1
ترپ;1
نپذیرفت;1
مجهول;1
پسوردو;1
سندروم;1
استحضار;1
درمانم;1
هرچه;1
خصوصیاتی;1
2006;1
تکست;1
شیفت;1
هاردهای;1
اونایی;1
بنظرشماتوده;1
مکملهای;1
بتونین;1
رودوست;1
طارمی;1
IMO;1
نمیشوند;1
چندسال;1
میزنید;1
وبجای;1
شهزی;1
ایربگ;1
استارتاپی;1
GPT;1
37;1
ماهها;1
هیمن;1
اختیارم;1
مجار;1
پدرشون;1
avenue;1
16ساله;1
ues9;1
لائیک;1
مخلاف;1
ندانیم;1
هرمیوه;1
مادام;1
هورمونی;1
قصداریم;1
اسمی;1
newfolder;1
یادآوری;1
ندونید;1
تربیتی;1
اشو;1
میومده;1
زیورآلاتی;1
حهت;1
شاد;1
بگنحالا;1
موردit;1
کرست;1
گریزی;1
ندادیم;1
ALL;1
ضایع;1
خانومی;1
وسفید;1
غیرمذهبی;1
ذیر;1
ربات;1
برائت;1
شیب٬;1
ادّعا;1
سرکارم;1
آثار;1
مایکروسافت;1
تاوزنم;1
هالیوود;1
همجنس;1
رباط;1
استدلال;1
تا2میلی;1
سلامیه;1
pre;1
منزلی;1
رقبا;1
پشتکار;1
ویدئویی;1
وهفته;1
ملاتونین;1
خانمم;1
برقه;1
نمیخواهم;1
آسانی;1
فسفاتم;1
gensim;1
ترانزیستور;1
رقابتشان;1
پشه;1
مطابقت;1
دوچرخه;1
دچاره;1
مناظر;1
یوزر;1
آزمایشو;1
توقعاتی;1
تیز;1
فصول;1
کناب;1
پستو;1
castle;1
دانگ;1
راحتر&nbsp;1
میخریم;1
جیره;1
montain;1
تحرکم;1
اتباع;1
باردارشوم;1
مسله;1
بگو;1
4px;1
neggetive;1
باسلامکارگری;1
smsنمیفرسته;1
#0000FF;1
قانونیه;1
چالشیه;1
بایداعلام;1
ونه;1
خوانندگان;1
گریپ;1
دبیرستانی;1
رقیق;1
بپرسیم;1
رایتینگ;1
چکارکنم;1
لینکدین;1
امادگی;1
مغز;1
هیپواکودارای;1
دگه;1
بونسای;1
خواطر;1
چغاله;1
PDF;1
تنبل;1
نمیبینه;1
کسالت;1
کارفرمای;1
شنیدارم;1
اوت;1
۱گیگی;1
رنگدانه;1
دماسنج;1
گلیسیرید;1
اردیبهشت;1
مگه;1
۲۰$;1
استشمام;1
آیت;1
فروخت;1
انتقاد;1
کنیمو;1
اوکی;1
نمازش;1
پیداشود;1
بازگشت;1
۹۶هست;1
سازمانها;1
42ساله;1
وهم;1
grande;1
مرتدّ;1
اینترنال;1
نوشتیم;1
گلسه;1
گرایی;1
داکیومنتهای;1
دوبرادرند;1
بدیهی;1
مسروقه;1
رسوندیمش;1
خرداد;1
قصور;1
ذهاب;1
cutset;1
دیدین;1
عقدکرده;1
فلفل;1
نکردیم;1
ازدوستان;1
alt;1
روگردانی;1
خداقوتاز;1
مقتوله;1
بفرستین;1
لبش;1
خواهرزاده;1
برگها;1
کندی;1
فهمیدیم;1
٢٣;1
نشدند;1
ماشینه;1
سنج;1
6ماه;1
عسلمونه;1
٢٥;1
جلورونده;1
educationheart;1
سنت;1
بنامم;1
جایش;1
دموکراسی;1
آیودی;1
فرع;1
ولاغر;1
امدادگران;1
گذراندن;1
استممنونم;1
Power;1
حریص;1
میخورنند;1
ارتروز;1
close”;1
معتبرترین;1
رفتارهاش;1
رادیوفرکوئنسی;1
گرفتگی;1
بگیرمبه;1
مدهای;1
نظراتتونو;1
۲۴عددی;1
رویم;1
دستند;1
وادعاکرده;1
بلانچ;1
کنیدخیلی;1
امری;1
میکرودرم;1
سلامتو;1
خساست;1
یان;1
سربار;1
توفیق;1
لیفان;1
دلیلی;1
متعدد;1
دونیم;1
فارغالتحصیل;1
حضوردر;1
بیینی;1
برن;1
جنسیم;1
زحماتتونبنده;1
بالاتنه;1
ومضرات;1
تمرینی;1
مضره;1
Ping;1
تونستند;1
بدمینتونی;1
بیوه;1
شیر&nbsp;1
تایلندبرای;1
cheeky;1
دیدن٬;1
ابداعی;1
درهنگام;1
دئودورانت;1
no;1
ویژوا;1
فیگورهایی;1
همکارتان;1
بمانم;1
مراقب;1
گازرسانی;1
وسیربرای;1
افتن;1
دکتربنده;1
دویدن;1
اقلا;1
ضعفم;1
دروغهایی;1
۲۹سال;1
یاشش;1
ومادرم;1
خدای;1
یاشد;1
معاملاتی;1
تونند;1
آمیز;1
وشما;1
خدادادی;1
علاج;1
دلخراش;1
رسمه;1
حسبیّه;1
نیاورد;1
global;1
تنسورفلو;1
آمیر;1
کفیر;1
ایربگا;1
فرکانس;1
تدارکات;1
سنشان;1
ابروهایم;1
کاشتن;1
ژلی;1
استدلالی;1
معتدل;1
مخروط;1
روبرو;1
کاشتم;1
راحل;1
وازن;1
تنفر;1
بروید;1
yousef;1
مانتوی;1
فشارخون;1
گفتیم;1
انیشتن;1
۲۶ساله;1
بخورماز;1
حاد;1
امحاء;1
تا3;1
اقدامت;1
حرفاتون;1
قویترین;1
relocation;1
توک;1
شدگی;1
بنحوی;1
صمن;1
هرنوعی;1
یزید;1
پریودمی;1
شناسیدمتشکر;1
۱۳;1
۱۲;1
مکانهایی;1
ایموبیلایزر;1
لکن;1
آزمایشCBCانجام;1
فحّاشی;1
سندی;1
ممنوعیت;1
رکتوم;1
۱۹;1
درسه;1
اللّه;1
منوهاش;1
گیرندمثلاsh;1
آموختن;1
اعصبانی;1
ماهر;1
لاستیکی;1
سلامآزمایش;1
Space;1
کارگاهها;1
بارژیم;1
زیرش;1
منافاتی;1
معتادشون;1
دربیار;1
ماهش;1
username;1
خودروساز;1
ابلاغ;1
کولپس;1
بیکاریچه;1
گرامری;1
کاسته;1
spendوdevotelمی;1
متقاضی;1
کاستن;1
نمای;1
زئولایت;1
دارمدچار;1
امضاهایی;1
هرکسی;1
دعاهایم;1
cکه;1
شوینده;1
وسطم;1
نخود;1
مگراینکه;1
یکسره;1
سلوک;1
نرسیدم;1
تستسترون;1
مختلفش;1
گلاو;1
هولوگرام;1
گوشش;1
هواوی;1
حالات;1
b;1
بــــرای;1
طبابت;1
متابولیسم;1
مارا;1
باکره;1
نافذ;1
اسمشو;1
مطالع;1
نامزدم;1
گروهبانی;1
مربع;1
منظو;1
میباشددکتر;1
ماندم;1
جفتشون;1
موسسین;1
۹۴;1
محاکم;1
شیفتی;1
پونصد;1
روحشان;1
آبغوره;1
سرتاسر;1
برسید;1
دوستای;1
CNG;1
مسئلت;1
متشکر;1
۱۴;1
مسمومیت;1
مقدمات;1
مکزیکی;1
چسبیده;1
مسترد;1
مادرزنی;1
میر;1
امیدنامه;1
قبرس;1
قلم;1
dont;1
الان6ماهه;1
طهارت;1
or;1
لگد;1
گفتارم;1
دانشگاهها;1
غیرذمی;1
بقیع;1
کرداون;1
پایینتری;1
آواشناسی;1
HTC;1
تپله;1
هموطنان;1
میدونست;1
سببی;1
وسه;1
؛وقتی;1
چست;1
کارگشایی;1
چسب;1
نفرستید;1
ردیف;1
نترسد;1
کمپین;1
خوابیده;1
مستنداً;1
ART;1
درحبابی;1
شماحدودا;1
مکررا;1
باطن;1
پوشند;1
خونریزم;1
ذکرهای;1
بگذرونم;1
عقلمه;1
وانیلین;1
اسکولار;1
تسکین;1
کشورای;1
کمری;1
ایسار;1
متفرقه;1
قسمتشم;1
لنز;1
ابزاردقیق;1
کچلی;1
خریدمش;1
فضیلت;1
چشیدم;1
لنت;1
cut;1
اموزشگاه;1
دندانهام;1
Natural;1
شاهزاده;1
dslr;1
مغزم;1
استفادهای;1
ددلیفت;1
سهامدارای;1
روگم;1
فجایع;1
١٧٠;1
کارآییش;1
کدهامون;1
١٧٣;1
ضبط;1
بچگانه;1
تواضع;1
اعسار;1
یکدندان;1
64;1
66;1
سنگهای;1
اورژانسی;1
درایوی;1
پرتاپ;1
ایرانیان;1
رودخانه;1
مردای;1
اشتباهات;1
سازیی;1
استوایی;1
سپاری;1
اجمالی;1
درکارگزاریهای;1
بسپارم;1
پیغمبر;1
طفولیتکیست;1
و۲۷ساله;1
گرانفروشی;1
ترمه;1
خورشید;1
تنظیمی;1
۶۱وزن;1
قضات;1
مرنگ;1
سفیدپوست;1
کنمکدام;1
وبودراسپیکوله;1
دلدردشدیددارم;1
شکنجه;1
عاشقه;1
جثه;1
بالا};1
اصا;1
اشتهام;1
آشپزیه;1
نرفته;1
شاگرد;1
انشا;1
تابستانه;1
انگلیشم;1
اصطلاحا;1
الاحرام;1
قاچاق;1
کدپیگیری;1
حقیقی;1
شارژه;1
بباد;1
گذرنامه;1
معدلش;1
ننشسته;1
O;1
s10;1
سحرخیز;1
300;1
عصبانیتم;1
گذشت4ماه;1
مکملها;1
Whom;1
14سال;1
المپیکی;1
داره٬;1
رفتند;1
اینترنتیه;1
بالاارتفاعش;1
شوت;1
کرفس;1
اینترنتم;1
صیغه;1
تعمییرگاه;1
ارم;1
review;1
قضاء;1
شور;1
سرخکرده;1
گزارش;1
طعام;1
وفروش;1
بغداد;1
اینهاست;1
حدیه;1
بوشوگ;1
اعادی;1
مشکلت;1
Java;1
google;1
36ساله;1
کیفیتش;1
دفعات;1
سابقا;1
api;1
کنسرو;1
glove;1
تجدید;1
دروبین;1
برابرش;1
رویایی;1
روزافزونی;1
119;1
نامعلوم;1
درگوگل;1
html;1
واضحه;1
درصورتیکه;1
I7;1
دردسرهای;1
پلاسما;1
پاهایم;1
کارپینو;1
قهره;1
کروکودیل;1
سپهر;1
110;1
حسابان;1
موثرند;1
مرغوب;1
ربع;1
راههایی;1
سردردهای;1
اسفاده;1
نجام;1
شارپ;1
ماساژورهای;1
Denklik;1
باعت;1
فرائض;1
ااعضای;1
میگره;1
کولرداریم;1
آیاحق;1
تور1;1
خودشم;1
پوشیدن;1
9در;1
بشینم;1
پرژسترون;1
تمیزتری;1
نمرات;1
ماسکی;1
وامارحجم;1
همکلاسیام;1
پوشیده;1
actمعنی;1
مخارج;1
IF;1
تفلیس;1
مغزحیوانات;1
IT;1
کلاچ;1
چیزیش;1
فعالم;1
علایمی;1
کشیدیم;1
آدرسSDKرا;1
لباساش;1
بگینسوالم;1
اشکالات;1
فراموشی;1
کمابیش;1
عکاس;1
تاریک;1
کبیره;1
ارزد;1
وهندسه;1
300000;1
تاکسی;1
انسی;1
مردانه;1
آیدی;1
مستقر;1
کذاشتن;1
فیلماش;1
اقلیمی;1
رایتل;1
مقبول;1
Feed;1
2ساله;1
کانکشن;1
زوم;1
آشپزخانه;1
شبکاری;1
n73;1
fifa۱۸;1
بریود;1
خوراندن;1
نمائیم;1
غذاهم;1
آورند;1
خوری;1
کادرهای;1
تیرماه;1
عکسهایم;1
Proposal;1
واجد;1
جمعا;1
تعتیلیمان;1
arXiv;1
آموزها;1
خودروسازان;1
بالغ;1
یnormal;1
سیگارهای;1
بشر;1
فیمابین;1
کاراکتر;1
گذراند;1
ونظر;1
Processing;1
بخشم;1
نرد;1
ممتد;1
پرضرره;1
کراتین1;1
نمیخام;1
لایک;1
ربط;1
چن;1
someone;1
وقرمز;1
کدنویسی;1
میچسبونن;1
معتبرتره;1
کارمزد;1
جاودانگی;1
حیثیت;1
گستره;1
ضربات;1
تیزهوشان;1
mound;1
نماند;1
برقراره;1
مرررررررررسی;1
ممکن&nbsp;1
سکّه;1
نودها;1
Open;1
خدایی;1
جیگر;1
العاده;1
لنید;1
هستمتا;1
Blends;1
ابلاغیه;1
دبیرستانم;1
P;1
اوبرگشت;1
Equity;1
آمپولی;1
berooz;1
شیراز;1
نوسانات;1
سرمایة;1
العمر;1
تراک;1
دستگاهای;1
ایمانی;1
شوشتر;1
روبرمیدارن;1
Play;1
Patent;1
الاقرب;1
شهرای;1
px;1
java;1
چشمک;1
بایستد;1
منقطع;1
بودفولیکول;1
دورۀ;1
نشوم;1
street;1
دوری;1
نمایان;1
جونم;1
دلایلم;1
ارام;1
وچهارروزشه;1
٩٥;1
گرجستان;1
سید;1
یکسانی;1
آرشد;1
شکلاتی;1
خاستگاری;1
345;1
نیــازمند;1
عار;1
پدرشوهر;1
واقعیا;1
نمیرود;1
قسم;1
زبانکده;1
میخورند;1
زکات;1
سیخ;1
دهدrepeat;1
استین;1
٩٣;1
درسام;1
باردارها;1
گذارند;1
تعریق;1
کاغذبازی;1
stopping;1
نوتیفیکشن;1
٩٩;1
بعدازدرس;1
میشهیا;1
اعمالم;1
بریل;1
سیح;1
وآیااگربخواهم;1
اتومبیلم;1
روانپزشکی;1
متدوال;1
هستمیخواستیم;1
مداری;1
٣٨;1
کششی;1
شماکارشناس;1
اررور;1
شیرمادر;1
باشکاه;1
نمیمونم;1
۱۲۰;1
القلب;1
غیررسمی;1
افطار;1
لنوو;1
شروط;1
جغرافیایی;1
اریتمی;1
نشات;1
امتحان٬;1
یهوی;1
وچطور;1
و1;1
هیدروژن;1
ابعادی;1
blockquote;1
شهربرم;1
امتحانو;1
اینک;1
ماینینگ;1
خمیردندون;1
یانک;1
قاشقش;1
نمیخوره;1
باسنم;1
پیجهایی;1
انصراف;1
افتدآیا;1
میگذارپ;1
باینری;1
کارگرانی;1
شناسین;1
انتخاباتیشون;1
S10;1
خانوار;1
ایمیلایی;1
میخوابم;1
اینکاررو;1
سوراخ;1
شیعه;1
مینوشند;1
This;1
دگ;1
رسیم;1
بارهنگ;1
نقیصی;1
دبستان;1
واسلامی;1
هندزفری;1
برخط;1
مواحه;1
شستشو;1
منهای;1
نمیکنند;1
تخمک;1
آبه;1
چپم;1
قرارمو;1
میگذاره;1
قالو;1
مجری;1
waiting;1
مغرفی;1
نرمال;1
تبعیت;1
قیمی;1
درم;1
دلزدگی;1
ورودیه;1
apt;1
نیوزیلیند;1
20سالم;1
۱۶۰قد;1
حضورتون;1
نصیری;1
طرفش;1
بخیربنده;1
حجیم;1
development;1
میرید;1
xperia;1
ازرا;1
مایلم;1
انگاری;1
Pall;1
معروفترین;1
انتشاراتی;1
وحتی;1
داراستفاده;1
اشنایی;1
بلیطمون;1
apple;1
۲۴۰۰;1
کنیدسوالم;1
بوتان;1
پدراز;1
مستاجری;1
دلتون;1
وسال;1
D;1
کاربایدبکنیم;1
کارتونو;1
نشستیم;1
کشیدند;1
هفده;1
نخوریم;1
دیت;1
میدادن;1
کدهایی;1
50;1
دستو;1
میزنن;1
کله;1
فیلترشداما;1
پرم;1
53;1
52;1
&;1
حسابرسان;1
usb;1
مسلما;1
khکه;1
پذیری;1
دبی;1
خوراکیهایی;1
اعتقاد;1
َشغل;1
دوربینی;1
عمه;1
کمبو;1
معتمدین;1
سلاممهریه;1
نروکسین;1
محتاج;1
دنبالش;1
بیشتز;1
وزنمان;1
دچارخساراتی;1
وبسته;1
خودشو;1
بردارمشون;1
نگرانش;1
دندونهام;1
وتو;1
4s;1
وسطی;1
ادمو;1
وفست;1
نرفت;1
درطب;1
•;1
دندانپزشکهای;1
میفتههه;1
وغیراز;1
بایه;1
چیزو;1
پهن;1
ً;1
پرسیدند;1
روانپزشک;1
اردی;1
وعضله;1
ومیشه;1
آلبالو;1
منه;1
نخورید;1
ملزم;1
بشناسم;1
اقسام;1
آزمایشگاهی;1
الطیب;1
میزدم;1
معاونت;1
8274308926;1
ترکیدن;1
اینکارو;1
دعاهایی;1
دچارکاهش;1
درآینده;1
نشتی;1
گیاهخوارانی;1
قرصای;1
٤;1
یادمان;1
100٪;1
بلاتکلیف;1
رفتــــارهای;1
کنارش;1
نبودیم;1
قبلم;1
استرسم;1
٢;1
آلفا;1
کلونازپام;1
معجون;1
ریجن;1
میشید;1
اقامه;1
سئوالیه;1
فلپس;1
مشکلاتمان;1
virtual;1
شیخیه;1
خیسانده;1
42;1
متقاضیان;1
Dunhill;1
48;1
بسمه;1
٣٠;1
میخواستمفکر;1
یانگ;1
بسوی;1
نگاشت;1
سمتشون;1
بفهمه;1
غیرطبیعی;1
٧بار;1
اساتیدمون;1
موکول;1
جزئی;1
ژنتیکی;1
خصوصیت;1
داردالبته;1
ران;1
نخستین;1
گنجینه;1
میفرستادم;1
بریتانیایی;1
واریزی;1
فراموششون;1
دعواکنم;1
آفت;1
مولر;1
بنسای;1
طرق;1
حدود٢٢میلیمترازسطح;1
کتلت;1
مولد;1
توجیهات;1
بیاندازد;1
آردیست;1
موافقی;1
چندساله;1
سلامخیر;1
خریداریش;1
میکشند;1
نامشروع;1
نظرشما;1
کارگردان;1
رویال;1
abs;1
میآید;1
اروتزو;1
رانام;1
UALL;1
درحین;1
خرمالو;1
زخمی;1
آیا&nbsp;1
فیش;1
سربازیم;1
35*26;1
بُرد;1
سنوات;1
فیت;1
نفخی;1
عناب;1
joined;1
۴۵۰;1
میبینند;1
وبتدام;1
که19;1
مجازاتی;1
مهمان;1
نیمسال;1
تخمدانهارو;1
هراس;1
نمیگیرد;1
کولرآبی;1
کافئین;1
میکنمحالا;1
فال;1
بومهن;1
بافی;1
٣١;1
نوبت;1
اماما;1
برگردم;1
برگرده;1
شاگردی;1
انگلیسیه٬;1
دهنش;1
نیم;1
ثروت;1
6کیلو;1
داره&nbsp;1
نبریم;1
مخلوطی;1
جسمانی;1
وغیرسپرده;1
ساقه;1
toor;1
7روزه;1
ram;1
توقعات;1
بازپرداخت;1
رسمیت;1
غدایی;1
هتلش;1
یاب;1
برنگشته;1
ماین;1
پوستیم;1
زنید;1
کدامداست;1
تورچ;1
ازنام;1
مقروض;1
برادرا;1
نعنا;1
باریکه;1
نمیتوانید;1
خونتو;1
مالیدن;1
امریکا;1
عمد;1
ذهنمون;1
مسری;1
آندرومتریوز;1
عنایت;1
دارایی;1
کروز;1
میسازه;1
بزار;1
قدمونه;1
گلیسرید;1
زنجیره;1
سهمشو;1
email;1
ئکتر;1
ترکد;1
خیال;1
توزیع;1
راستم;1
بازکین;1
همرا;1
کارشناسان;1
ازدست;1
افشین;1
مخالفه;1
دختردر;1
سکونتشان;1
شوک;1
زانوم;1
ایاب;1
معذرت;1
اج;1
ژله;1
ازمونایه;1
احد;1
مشق;1
آبزیان;1
ترکیبی;1
تصاویری;1
۵۶روز;1
جنابعالی;1
مدرکشون;1
اورا;1
اقباض;1
طائفه;1
پولمون;1
ایروبیک;1
نحوۀ;1
محمدیاری;1
آزمایشاتم;1
مصادره;1
کلینیک;1
اینورتور;1
نوکیا6300;1
عفو;1
غیرانتفاعی;1
مترجم;1
نیافته;1
زحماتتان;1
ازکجاست;1
زائد;1
علاقمند;1
میکردید;1
بقای;1
مومن;1
اسپره;1
تابع;1
شدنش;1
$۲۰;1
کابری;1
مبتدی;1
آلوئه;1
کاپیتوپریل;1
پاسخی;1
شستن;1
ذرست;1
mr;1
کاربدی;1
شسته;1
وجودی;1
تشکل;1
ورق;1
فروشگاههای;1
نمیخواهیم;1
پیتزاهایی;1
٣٢;1
درهفته;1
ازار;1
نفوذ;1
georgia;1
3سطرباشه;1
خورشیدگرفتگی;1
ریلی;1
لوستری;1
پیشی;1
آیندش;1
اونجایی;1
picofile;1
hours;1
نرود;1
ریال;1
82کیلو;1
٣٧;1
شیره;1
اشعه;1
رگه;1
اکواریوم;1
خیسه;1
گازو;1
انبه;1
رژگونه;1
جیب;1
عطش;1
img;1
تن;1
وصدای;1
files;1
درها;1
درجواب;1
بابا;1
اکتشاف;1
عاجزانه;1
نبوت;1
رهاش;1
بلندگو;1
21روز;1
وجوهات;1
فالاقرب;1
یککم;1
کدومها;1
نارس;1
مبالغ;1
اص;1
کلماتی;1
١٩;1
وعلاقه;1
بزنی;1
١٦;1
حمله;1
شمارو;1
اگرتوت;1
١٥;1
بحران;1
سطر;1
جود;1
بزرگسالی;1
Viber;1
ومهندسی;1
ایندکس;1
وحکم;1
عفاف;1
I9000;1
سدر;1
وزن66;1
نسکافه;1
ونیاز;1
iud;1
اندازش;1
نامطبوع;1
آرکایوو;1
JRE;1
دوتام;1
ماساژ;1
دوشاخه;1
تندترین;1
بابد;1
تارت;1
لگ;1
بعضیاشون;1
میتونسته;1
خصوصیات;1
مهارتهایی;1
شدیدتر;1
سوشی;1
چو;1
چرک;1
مردهای;1
هواپیمای;1
مادوپار;1
یچزی;1
چیتی;1
قرصهای;1
چرخش;1
خوندنیش;1
ipad;1
گذارید;1
یاهو;1
ولغت;1
درگاه;1
مساوات;1
چارتی;1
استخدامیم;1
خیابوناشو;1
ادیت;1
بخیرمن;1
نهال;1
لیف;1
میوهخشک;1
چرخا;1
شیری;1
have;1
هلند;1
پریودای;1
همجین;1
افزودنی;1
ایزد;1
خانمهای;1
اجنرال;1
مؤسسات;1
پارانوئید;1
التفاوت;1
دوسال;1
گازهای;1
1271535;1
قالبا;1
نباشین;1
اُمگا;1
جنسیتی;1
fledged;1
hosseinhoseini313@yahoo;1
حلّ;1
برگش;1
لمسش;1
۵کیلو;1
بخیردختر;1
متضرر;1
طیور;1
آوریم;1
اسفند;1
their;1
نباشیدایا;1
مادربرد;1
ادا;1
خیابان;1
پائین;1
32ساله;1
برگر;1
indesign;1
رنگها;1
درکل;1
بشکنه;1
ومک;1
هستشآیا;1
داستانش;1
لایتنر;1
تاشو;1
قسمتهایش;1
اصله;1
د3وقرص;1
وسپاسگذار;1
ترور;1
سنیمون;1
3بار;1
سیمایی;1
3تا7خوبه;1
هستممن;1
نمیدهد;1
77;1
شبهات;1
زالزاک;1
13سالگی;1
انگیزگی;1
وزبان;1
پریسما;1
ساعتها;1
اتو;1
پختمش;1
موردنظرم;1
هپاتیت;1
رقابت;1
وضعم;1
ترجیحاً;1
11شب;1
باردارم;1
بپزم;1
گازدار&nbsp;1
میدهند;1
70;1
١٤روز;1
گاوزبان;1
تستر;1
سکسکه;1
73;1
مدلاش;1
فرمونش;1
حواسم;1
environment;1
Hi;1
iransans;1
نمایشگر;1
بشمارد;1
ورقه;1
اللهی;1
بروازهای;1
چربیم;1
قبلا3سال;1
نیستلطقا;1
همانند;1
Ghephi;1
استفورد;1
تلاوت;1
رهنش;1
دکلته;1
خواستگاریم;1
بیماریها;1
min;1
پرچمهای;1
حرفشو;1
دندونم;1
معام;1
pseudocatalase;1
نامزد;1
استبداد;1
نبینمش;1
جیوه;1
تعبیر;1
رایانامه;1
اجرت;1
برف;1
شناها;1
خوراکم;1
سمند;1
ازبنده;1
برآورده;1
اهانت;1
دانشجوهای;1
لوزارتان;1
برگة;1
وچه;1
اندوختة;1
کیلومتر;1
عاشقی;1
خوبین;1
آستیگمات;1
قوه;1
سرویسهای;1
مسئولین;1
آنجاها;1
مترتّب;1
ی۳۱;1
“up;1
خطاب;1
کلاه;1
نارضایتی;1
وبهترین;1
میگفتند;1
FFNN;1
500000;1
پک;1
پسوندcsv;1
ردّ;1
عقدنامه;1
day;1
راندمانم;1
داوری;1
منزلشان;1
آیامحرمیت;1
پانل;1
روپیش;1
eمیخورم;1
موافقن;1
وامهایی;1
مادرشون;1
p8;1
دعوی;1
نیرو;1
اسپریهای;1
میوفته;1
دلخوری;1
توفیقات;1
قدتقریبا;1
فعل;1
مستهجن;1
نفرات;1
آرمسترانگ;1
خوف;1
سنجی;1
دوراهی;1
توکن;1
مجذوب;1
تعزیرات;1
رجم;1
ممــــــــــــــــنون;1
خندوانه;1
کاکنان;1
لوبریکانت;1
اساسا;1
کیبورد;1
ارگان;1
فردی&nbsp;1
خواهشنا;1
دوقاشق;1
الترونیکی;1
بگیرن;1
مچی;1
خاصه;1
بهترش;1
وباغ;1
اسراف;1
شماری;1
ممنونم**;1
سمتش;1
مایکل;1
فاجعه;1
راحتتر;1
قورمه;1
ارمنی;1
ریپ;1
پسری22ماهه;1
تکفاز;1
گوشتخوار;1
ویو;1
مستحبات;1
دیدیم;1
ویه;1
۲۰۰;1
متعددی;1
ایرفلو;1
آردی;1
بخشتامه;1
نباشید41سال;1
خریم;1
ممکل;1
ناآرام;1
دخترعمویی;1
درشهر;1
فرآورده;1
توروخداکمکم;1
اورتودنسی;1
۱۵۳;1
بپزدارم;1
موفّقی;1
معاینات;1
جوشیده;1
شیرازی;1
استخراج;1
User;1
مدرکش;1
GTX;1
بکنند;1
اجناس;1
Print;1
قزوین;1
سراتو;1
بیهوش;1
جیمیل;1
me572cl;1
dutyمعنی;1
مهمونیهایی;1
Sigmoid;1
گفتاری;1
جانور;1
نمیخورم;1
منظورشون;1
آموزی;1
نخورده;1
محافظی;1
تسنن;1
مذاهب;1
میدهیم;1
اشیا;1
25روز;1
ریم;1
باشون;1
حجابی;1
مردمی;1
rel;1
jee;1
تعریفی;1
حرفشون;1
محضی;1
قبوله;1
برپا;1
پژوهشی;1
calling;1
دفتم;1
out;1
وورود;1
اچ;1
اسمش;1
رله;1
حسابدار;1
Smoothing;1
مدفوعش;1
سازیه;1
لامپ;1
بهشتی;1
زینت;1
مدتیست;1
میلیونه;1
کتان;1
میکروئیدلینگ;1
نیستن;1
نهایت;1
overfitting;1
ورزیدن;1
پیس;1
answerplease;1
نروژی;1
سیاسی;1
نیازمندان;1
اپوکسی;1
جوونه;1
گلپر;1
فراموشش;1
پرسند;1
سرمون;1
پیشانی;1
سوادان;1
امضای;1
فراگیر;1
پیکسل;1
خوره;1
نظامی;1
جینکوبیلوبا;1
آپارتمون;1
دیدم٬;1
شنل;1
مجازه;1
همکلاسیش;1
وجودم;1
مناسبتر;1
شیرکاکائو;1
میگریم;1
شنویم;1
دارام;1
بجز;1
روکشم;1
وایبر;1
تراشی;1
دستگاههای;1
وهر;1
۳۵;1
پراید86دوگانه;1
نظراتون;1
اشخاص;1
برگردانید;1
خورو;1
UI;1
کهنه;1
بازپس;1
ژلهای;1
اجابتم;1
شبهاتی;1
دیدگان;1
تشنه;1
۳۸;1
وارداتی;1
یش;1
projectکه;1
غذاخوری;1
الی;1
هستافسردگی;1
UX;1
عصبیم;1
الاتی;1
بیوشیمی;1
zoom;1
گوش&nbsp;1
شمالی;1
یSDK;1
سرنشین;1
محوط;1
بعدازترم;1
الذکر;1
زالزالک;1
مبتلاست;1
بهار;1
کنارهم;1
ریزیم;1
میوفتم;1
درخت;1
فرمانده;1
زایی;1
میاره;1
تکرارکنم;1
معافیتش;1
تمایز;1
بانام;1
دس;1
Master;1
فولدرها;1
مسلمانان;1
نرگس;1
ببخشیید;1
دانستم;1
بگذرونیم;1
بنای;1
هرجا;1
He;1
۲هفته;1
پامون;1
اشنا;1
بااینکه37سالمه;1
برکدام;1
سم;1
سو;1
چجوریه;1
arc;1
مالیم;1
لیزگی;1
تام;1
وازبین;1
یر;1
بفر;1
داریش;1
بامادرم;1
وقتتونو;1
آلو;1
ناپسند;1
هابه;1
ریاضیات;1
بخواند;1
احترامی;1
تقطیر;1
بعضیا;1
دهانشویه;1
دشوار;1
اتوی;1
انتخاباتی;1
ویران;1
فضاهای;1
برگزیده;1
مهلک;1
دوسیم;1
کَی;1
گردی;1
Pre;1
دکترش;1
دبواری;1
nfc;1
صورتشون;1
sql;1
بهرش;1
دبلیو;1
trap;1
بندانداز;1
صدر;1
کیلوست;1
شدمجبور;1
چقدرمی;1
plugin;1
صحافیش;1
ولوم;1
اینجورتاجها;1
تجمع;1
بگذاره;1
مبایعه;1
Latent;1
متغییر;1
آمریکانو;1
کدایف;1
هاشون;1
میته;1
تشکر@;1
کاملتر;1
گرونتره;1
راهمائی;1
هرسه;1
دوتای;1
قواعد;1
افزون;1
جسه;1
ببینید;1
78;1
88;1
89;1
الفاظی;1
اخطاری;1
سلامپسری;1
قسی;1
سیما;1
توصیف;1
وکا;1
جالبه;1
طنین;1
حلاله;1
ثند;1
مر;1
یوایکس;1
فولاد;1
اسطخدوس;1
کوچولوی;1
آقادری;1
مث;1
پلکم;1
مت;1
لنفاوی;1
پیمودن;1
کیستهای;1
بدبینی;1
حسابرس;1
ومشکلی;1
وتمام;1
نثار;1
تولیمو;1
استمرار;1
قطعه;1
بینمون;1
سرویکس;1
دیدی;1
١٥٦;1
سرگرم;1
googleخود;1
نیفتاد;1
چکاب;1
تبوله;1
مکلف;1
بگذرونه;1
ظبط;1
نمیذاره;1
دکترهای;1
زلزله;1
دپستان;1
چچی;1
سهوا;1
پونیشا;1
بوتاکس;1
تنظیماتش;1
انیشتین;1
اندامم;1
ببخشبد;1
نشانگر;1
MBR;1
دیگرم;1
چهره;1
مقیاس;1
شناگران;1
آخری;1
لنگه;1
اطرافم;1
افتخاری;1
مزمنی;1
at;1
مده;1
130;1
عدالتشان;1
زردرنگ;1
جلویش;1
ببندم;1
درخشیده;1
اربعه;1
کارمی;1
سونودادم;1
یار;1
دستتان;1
الزاماً;1
دلی;1
خیلیا;1
دراین;1
آسترا;1
Rhهای;1
مشترکی;1
ساییدگی;1
آرین;1
خواهیم;1
آفلاین;1
فرازمینی;1
پرشیا;1
جوشوندنی;1
مممنون;1
عموهایمان;1
رویداد;1
وظایفی;1
پروش;1
پرور;1
متحرک;1
مجرمین;1
al;1
بخاطرخطایی;1
غذاییش;1
خوشحال;1
حجابش;1
موافقند;1
بنفش;1
سلا;1
شنبه;1
بگوئید;1
تقسیمی;1
تقسیط;1
ازطریق;1
هیجان;1
کاربرپسندتره;1
بالی;1
یخی;1
مزبور;1
بیحسی;1
فیلمو;1
انصافه;1
لو;1
راندن;1
اکسپلورر;1
مغزها;1
نانی;1
نشانم;1
5200هست;1
امنیتی;1
وردپرس;1
نمیریم;1
صرفاً;1
جاپا;1
best;1
فریلنسر;1
رابه;1
پذیرفتم;1
کدشو;1
بپیچم;1
هاچ;1
تاچ;1
pause;1
خوشبختانه;1
زیارت;1
تحریکش;1
دادنش;1
همواره;1
گودی;1
سگی;1
لباسای;1
پرولاکتین;1
مهارش;1
انجیر;1
sorta;1
سرانگشت;1
device;1
واثرات;1
iPhone;1
حسرت;1
SLX;1
اجیر;1
اتخاذ;1
ارزانترین;1
تعالیبا;1
دلنشین;1
زدین;1
نظرشه;1
نظرشو;1
نوکیا6300هست;1
سربرگ;1
python;1
انگشتانش;1
مؤسس;1
بیکاریتا;1
2013;1
زمینش;1
2016;1
نوشتنم;1
نمیرم;1
201کلسترول;1
فشارهایی;1
شیریا;1
نشأت;1
اعضاء;1
داروهایی;1
همینجوره;1
بخره;1
سازش;1
بودنش;1
صب;1
نقدین;1
بازارگردان;1
میخواید;1
سفیدی;1
کنک;1
کارمن;1
hussein;1
قیافشونم;1
قرارمان;1
david;1
آیادر;1
دهدو;1
مراجعت;1
بازده;1
ضایعه;1
سرهنگ;1
آنر4c;1
رحمی;1
ژست;1
مینوانم;1
حوم;1
منوط;1
فیلمبرداری;1
your;1
باخته;1
اینچی;1
هاشور;1
شراکتی;1
باسنم۹۵هست;1
کارمو;1
3به;1
جلوه;1
پذیرفته;1
فریلنسینگ;1
مستقلی;1
روزرسانی;1
آسانسور;1
آشکاری;1
عیبی;1
عرف;1
تورستورانها;1
برید;1
مسامحه;1
لیفان820;1
ظرفی;1
آدنکس;1
مرحمت;1
350;1
بخشید;1
تماشای;1
فایلها;1
COD;1
خواستگارها;1
میرفته;1
فهمه;1
نامنظم;1
ساندویچ;1
عسلی;1
در3ماهگی;1
مربای;1
شیئی;1
جذابیت;1
بوسی;1
بلیچیینگ;1
تابه;1
شبهای;1
پرکاربردترین;1
یونیت;1
سالشان;1
کبدی;1
عادلانه;1
جد;1
does;1
عیدی;1
شوراهایی;1
سوگند;1
کولراسپلیت;1
ــلی;1
وتوانایی;1
دردم;1
ساینس;1
اوزان;1
انحرافات;1
اعاب;1
تقصیر;1
بیسیم;1
درسوالی;1
مهیا;1
احساساتی;1
59درفصل;1
تمدن;1
yoosef;1
برایشان;1
افضل;1
بازنده;1
طریفی;1
شغلش;1
tsh;1
سرتره;1
رودهن;1
افزارهای;1
ذرت;1
خسیسن;1
قدشم;1
خودت;1
فرستادم;1
احتیاط;1
گوشیهای;1
تأسیس;1
کارشناسیم;1
ندا;1
مراعات;1
ارایش;1
زحمتایی;1
میانبر;1
عراقی;1
تثبیت;1
یجورن;1
کاشی;1
بالاآیا;1
برایتان;1
دعوام;1
کامپکت;1
رازداری;1
لرزید;1
دقیقاً;1
معاینه;1
قبح;1
دستباف;1
100کیلومتر;1
خاصگان;1
سوالمو;1
قبض;1
آموکسی;1
جاذبه;1
میپوشم;1
میریزم;1
دراپ;1
برگه;1
قایل;1
فارنهایت;1
نخواست;1
تسبیب;1
ملاحظات;1
تسبیح;1
کورک;1
مهربان;1
نتایجش;1
اینو;1
دوده;1
qa;1
القای;1
etc;1
بازیها;1
نهاد;1
ویتامینای;1
معضلات;1
بیشتر820;1
شاه;1
خواستار;1
spring;1
JDK;1
دادرسی;1
مراقبتی;1
شنوه;1
نامطلوب;1
d;1
OK;1
عذابم;1
رسونده;1
زیورآلات;1
Intellectual;1
نمیخوایم;1
بلندتره;1
بلاخره;1
دلسرد;1
بلاعزل;1
تحویلی;1
گوشتهایی;1
نمازگزار;1
نکنید;1
شوهرمه;1
عصبانی;1
بنمایید;1
گوشم;1
اشک;1
چسبانند;1
آسیا;1
اوهام;1
Belgesi;1
شهردار;1
ودکتری;1
بیضی;1
ییدباتشکر;1
فشارخونم;1
کاربران;1
دانگی;1
56سالشه;1
by;1
میزنیم;1
نازیبایی;1
شاپ;1
ترند;1
بددهنی;1
نمازم;1
مربی;1
be;1
و90%;1
t;1
دوفاستون;1
زرشک;1
روحانی;1
کنمبنده;1
توجّه;1
کمان;1
زهم;1
Quality;1
شدنم;1
بخشیدم;1
دعای;1
کداشتیم;1
ذاشتن;1
فیضی;1
نگاهتون%;1
نیاوردم;1
امان;1
خونم;1
2من;1
وقفه;1
شدنه;1
کاج;1
آونوقت;1
همانجا;1
سرنوشت;1
معرف;1
pdf;1
3سال;1
ناراحتم;1
ناراحته;1
شعائر;1
دعوای;1
کفّار;1
وخلاصه;1
درمیان;1
خوندنم;1
فرزندسهم;1
۲۵ساله;1
سنا;1
گذستم;1
early;1
کنارتون;1
رزولیشن;1
الریه;1
قویتر;1
پایگاه;1
آشپزی;1
کلاهبردار;1
حصار;1
درخواسته;1
استوری;1
قمه;1
رنگایی;1
ودندان;1
انسداد;1
٢٧;1
خودمووهم;1
نامنظمه;1
کمکتون;1
دنیام;1
با۲۳سال;1
امدن;1
piad;1
امدم;1
طلوع;1
کردنم;1
ACL;1
چروکهای;1
کاربگیرم;1
دستمال;1
دردی;1
بازها;1
بکلی;1
بارم;1
دوربینش;1
باطریساز;1
موبربرای;1
وسبزیجات;1
دخالتهای;1
led;1
بودبا;1
موست;1
سیلین;1
شیرخوارش;1
مأمور;1
پریودمنظمی;1
وتعالی;1
ویر;1
هاش;1
بندد;1
ازما;1
میدادیدلطفا;1
آیپد;1
قدیمیه;1
زننده;1
کاترین;1
گذر;1
فراوارن;1
قرارگفتم;1
حرارتی;1
لندن;1
33سالمه;1
میشهمیخواستم;1
high;1
کیفیتی;1
lock;1
پیشبرد;1
وورد;1
دپو;1
خوبع;1
جایزه;1
٢٠٦ی;1
میشنوم;1
ویتاگنوس;1
کلفتی;1
نفت;1
lucida;1
پنله;1
Multi;1
یکساله;1
ارگانی;1
معطر;1
هرکه;1
کولیت;1
بگویند;1
uupload;1
شوخی;1
ضررهاش;1
فرارسیده;1
work;1
نریم;1
واقعه;1
روزتون;1
دازم;1
وکارهای;1
تزاحم;1
غیرارادی;1
ساختمون;1
عالیتونخواهشا;1
آلوچه;1
up;1
سازان;1
تیغ;1
ارتشی;1
نمیفرستم;1
line;1
نمایندگیها;1
ورشکستگی;1
قراربدی;1
شلوار;1
هم&nbsp;1
مامان;1
کلاغی;1
بااستناد;1
عبارات;1
میخوابیم;1
چسباندن;1
معاد;1
هرکدوم;1
ندارمچکار;1
provider;1
unzip;1
درسامو;1
البلاغه;1
قالوا;1
درطی;1
میشکم;1
وردست;1
عقیدتی;1
انجامشون;1
مجلس;1
code;1
سلامبسیار;1
having;1
نفخ;1
دربیاره;1
دربیارم;1
دارمطبع;1
وسایلی;1
فرابنفش;1
راضیه;1
داشتین;1
ژلاتینی;1
اریجینال;1
دلیلتان;1
maven;1
خصیصه;1
جست;1
مندم;1
25کیلو;1
وپنبه;1
هارداکسترنال;1
replase;1
آبروم;1
دهنم;1
میفرستم;1
بیسی;1
ملت;1
مهارتها;1
کوچیکه;1
word2vec;1
موضوعه;1
نیومدولی;1
250000;1
فصد;1
تهیشون;1
خوراک;1
مدنظره;1
هایب;1
IM100;1
ابروهای;1
نفرمودین;1
has;1
روسای;1
سهمین;1
درسهایی;1
ومراحلش;1
بخاطرشیر;1
زمستونه;1
مدیون;1
of;1
گوسفند;1
نیک;1
اعتراف;1
محمولات;1
پاور;1
ایالات;1
چشمامو;1
کلوتریمازول;1
کلس;1
رهایش;1
توتفرنگی;1
تاب;1
دیدمش;1
اقذام;1
زحمتش;1
رساندن;1
معدل17;1
بیزارم;1
فرستم;1
بیتی;1
سیکس;1
Reset;1
خعلی;1
آنفلوانزا;1
دانشجوام;1
اقدمات;1
خریدوفروش;1
سراسر;1
متقاطع;1
مشترکین;1
analytics;1
میزنند;1
سوپروایزر;1
تراش;1
اطاعت;1
هستی;1
گرداندن;1
المسمی;1
dp;1
مؤیّد;1
متحرکش;1
اسحال;1
کنیدزن;1
مترازنیپل;1
دوستداشتنیمون;1
مفاهیم;1
وراضی;1
خصوصیاتش;1
معالجات;1
قرصی;1
دهنشو;1
حالمو;1
غیرمسلمان;1
موندگاره;1
میگذارد;1
۱۹cmواین;1
ین;1
خودرابشناسم;1
متراژ;1
نگرانیم;1
تبعید;1
غزه;1
وسیع;1
تبعیض;1
المثل;1
غمیقن;1
نرویم;1
آمارهای;1
سویی;1
دقتم;1
تپسی;1
کوبیدرو;1
Auto;1
پرسپترون;1
هردوتاش;1
همگامدسازی;1
یهودی;1
جاست;1
linkage;1
نزده;1
Cloud;1
ادمای;1
قضاوت;1
ومعدل;1
باماشین;1
موسساتی;1
دستورات;1
سوپرمارکتها;1
مقصرم;1
عایق;1
مبانی;1
یونجه;1
8سال;1
غالب;1
مشتاق;1
تداعی;1
اخه;1
رانشان;1
WhatsApp;1
اصولاً;1
چسبد;1
کامپیوتره;1
جوانه;1
فریب;1
سوزاندن;1
اماکنی;1
گرمسیری;1
نشکر;1
وزیر;1
داغه;1
مسلط;1
آمریکایی;1
q;1
بگیویید;1
بادیس;1
نیکوکاری;1
بازگردد;1
بکارت;1
Inpage;1
السّلام;1
ووپی;1
کامپیوترمو;1
گمشده;1
پیروی;1
باآنکه;1
تطهیر;1
بناگوش;1
can;1
ساندروی;1
پ‍ژوهش;1
هرکی;1
استیکر;1
40;1
کرک;1
روسیه;1
پروژسترون;1
الکلی;1
کاتالاز;1
مونیتور;1
ژل;1
GLX;1
بذارن;1
آیاحضانت;1
پانصد;1
fbs;1
نیان;1
vegan;1
Property;1
برگردان;1
رند;1
بوجودامدن;1
store;1
دونالد;1
موندگاری;1
ریختن;1
ریختم;1
آپ;1
شبکههای;1
آیاوجوب;1
گباه;1
6کتاب;1
بهبودی;1
هاشو;1
برچست;1
زیور;1
طمع;1
شنیدماما;1
بزارتمون;1
آمدم;1
visa;1
کلان;1
نوارهای;1
ایااستفاده;1
تصوری;1
مهارتی;1
فرزین;1
Intel;1
ثانویه;1
چیشه;1
بادگیرهای;1
نعمت;1
نریزیم;1
جاش;1
روبه;1
راچگونه;1
سفره;1
flash;1
ترشخات;1
کفیرو;1
ظریفم;1
مبلم;1
اوناس;1
پیگیر;1
وبسایتی;1
توافقی;1
بجرم;1
سرمه;1
اکسین;1
چیزا;1
راز;1
Windows;1
test;1
هیجاناته;1
دستگاهی;1
بخندم;1
منظورش;1
کارکردن;1
پاش;1
Vision;1
نیامد;1
طرد;1
581;1
تعقیب;1
LSA;1
خوبتر;1
بالایم;1
ومادودخترمجردهستیم;1
ماشینش;1
پماد;1
295;1
نهصد;1
نگم;1
دهنی;1
آویختن;1
پهلوها;1
ontime;1
پروفیل;1
امواتی;1
وحشتناک;1
ممتاز;1
همره;1
XGBoost;1
سرددرد;1
سازید;1
آنالیز;1
ضایعهها;1
گریبانگیر;1
برخوردارند;1
مشترکمان;1
قر;1
دراویش;1
زنداداشم;1
میپرسه;1
تحصیلکرده;1
word;1
نارسایی;1
رهنی;1
برشته;1
انگشتش;1
طرفه;1
13سال;1
اطلاق;1
دراورد;1
ولتاژ;1
نیا;1
قت;1
وجودخوردن;1
پلیر;1
مایع;1
امضاکردم;1
CTR;1
mail;1
وفسم;1
Home;1
گله;1
تونیک;1
خرمایی;1
گوساله;1
نخودچی;1
بدردبخوریه;1
ضریب;1
فرزی;1
پوشاند;1
32lb551dخریدیم;1
میکندمن;1
میریزیم;1
دلبازی;1
حج;1
بیهوده;1
گنید;1
function;1
دیگرشان;1
خونگی;1
مون;1
تیپ٥;1
منتخب;1
گناهان;1
مخفف;1
فیبروم;1
ابوالفضل;1
گرافش;1
خطرآفرین;1
دویست;1
خیالات;1
مپ;1
مه;1
میراث;1
problem;1
بردمش;1
بخور;1
پایننم;1
معیین;1
قساوت;1
درسینه;1
پدربزرگ;1
بهتربن;1
گاناش;1
تعرض;1
همجنان;1
خانومش;1
بروند;1
U;1
برزخ;1
میانسالی;1
واشکالی;1
جلسات;1
اعطا;1
repeat;1
Loss;1
گلبرا;1
“روش;1
دامین;1
تستی;1
ریفلاکس;1
رطوبتی;1
ارتوندنسی;1
۳ماه;1
امادرمورد;1
صاعقه;1
خدارو;1
مانتویی;1
مسلک;1
هرجایی;1
عسلویه;1
خوشی;1
installe;1
نابودم;1
بندازیم;1
بعض;1
پرس;1
سنگی;1
سپاسنوشین;1
عرضم;1
پستی;1
بالابر;1
جزء;1
نشاندهنده;1
چیکارش;1
روستا;1
کاردرمان;1
ویرایش;1
outputدرایور;1
دیپلمم;1
ثر;1
لولا;1
ودفن;1
هرجوابی;1
فراموششم;1
مسافرینی;1
افق;1
فنس;1
زیادمیخورم;1
حدوده;1
سریعترش;1
کامند;1
شماره٨٣٢٤٠;1
آواره;1
forces;1
وجرات;1
دادماه;1
اهواز;1
بینیمه;1
غیابی;1
درسها;1
Fi;1
انگلیسبی;1
محرومیت;1
مدرن;1
توریستی;1
عطرها;1
آزمایشی;1
فلافل;1
آخرت;1
آخرش;1
B;1
پوششی;1
امامان;1
مغرب;1
کنترلش;1
نبیند;1
ایجاب;1
نیفته;1
دستمزدروزانه;1
دستهایش;1
نمایی;1
میگردد;1
وضعش;1
وهوای;1
درقیدحیات;1
خدانگهدار;1
بدها;1
گاو;1
فتینگ;1
پیر;1
کیسشون;1
موادگفته;1
پوشی;1
تعمیرگاه;1
provide;1
آنطورکه;1
recovery;1
نیترات;1
روستاها;1
شعبده;1
فهمیم;1
in;1
تنفسی;1
چربیها;1
13سالم;1
مدعوین;1
کمد;1
ظاهرشون;1
اوردم;1
تابان;1
ملاکم;1
منت;1
galaxy;1
ابراهیم;1
اوردن;1
بایت;1
پروار;1
سبزیجاتی;1
Analysis;1
بازنشستگان;1
زودرس;1
خودورسازهامون;1
شمارش;1
هزارتا;1
قصدبارداری;1
تفاسیر;1
ترویج;1
عموزادهایمان;1
بدوندانلود;1
محبط;1
فاسد;1
جک;1
هایکو;1
عاطفه;1
میشیم;1
نوزده;1
خودتونه;1
سوداوی;1
تم;1
ملخی;1
o;1
MLP;1
فرمودین;1
میشممو;1
پیری;1
نیامدن;1
نیامده;1
سردرگمم;1
ملیتی;1
چیم;1
تخصصی;1
واژینال;1
پولمو;1
میکر;1
مشروعیت;1
موضوعیت;1
از1خردادامتحانا;1
عادتش;1
Application;1
کسه;1
نروند;1
علیها;1
فاکس;1
Crest;1
کاربراتی;1
کسادی;1
ایکس33;1
کاره;1
هدر;1
میدوم;1
بزرگداشت;1
انقلاب;1
روزهایی;1
سختگیری;1
خستست;1
until;1
کردش;1
ومسابقات;1
دوطرفه;1
آینو;1
شاکرم;1
Surround;1
صددر;1
نظیر;1
بدموقع;1
نخورین;1
بتازگی;1
خانمها;1
وزمان;1
تنبیه;1
شرایطشون;1
width;1
میخوایید;1
قدرتمندی;1
تاخیرتوبه;1
Airbag;1
پروانه;1
shutبگیریم;1
درختای;1
لوود;1
تهرانم;1
تعهداتشون;1
روزمره;1
جنوبی;1
تهرانو;1
گاه;1
شدو;1
سیارات;1
۲خوابه;1
شدهام;1
دسکتاپ;1
حشره;1
دشمن;1
کردنند;1
روبگید;1
سرعتم;1
251;1
250;1
گرامی;1
وحداکثر;1
ناشتام;1
وچگونه;1
ادارات;1
اولوالعزم;1
یاری;1
مالتی;1
آمارهایی;1
۵۰;1
وتوفیقبنده;1
خوبم;1
وگلها;1
اونجور;1
دربیاریم;1
برمیگشته;1
مسخره;1
سلامدر;1
نظرشون;1
تروویتال;1
Kaggle;1
بگنجونم;1
میکسر;1
واریس;1
واریز;1
بتونی;1
ضربانش;1
مقدارآب;1
٬باریک;1
کتابونخوندم;1
EBD;1
مامی;1
برایه;1
داروکه;1
سنگها;1
برهنه;1
هرجابردم;1
ازپودرهای;1
حوصلگی;1
اثنی;1
s8;1
زیست;1
سرنوشتی;1
نمیخوریم;1
27ساله;1
بیکارم;1
احصان;1
خوردگیم;1
نباشیدشرکتی;1
وانسولین;1
PUK;1
محبور;1
سفیده;1
دکترانکولوژی;1
لیرز;1
بازنگردانده;1
srch;1
متمایل;1
yusef;1
جایگاهی;1
کانالهای;1
22سالمه;1
جامعی;1
قرارگرفت;1
توحید;1
همسایگی;1
خدمتتون;1
Who;1
s6;1
آدامس;1
بیلط;1
یابم;1
حالتی;1
اجتماع;1
بازیگران;1
موردش;1
مدارکم;1
زندگیش;1
۲۰۱۷;1
TFT;1
میتی;1
1روز;1
sp;1
پرستار;1
آمنو;1
٩ماه;1
خودروسازها;1
data;1
شهرداری;1
نخواهم;1
فوندانت;1
نفسم;1
میشدماما;1
عروسک;1
ابریشم;1
هدفه;1
درطبقه;1
عادله;1
داوطلبی;1
4یا;1
مدها;1
تغییربر;1
آدرسها;1
بریدم;1
بریدن;1
بمونم;1
میدونند;1
منظمی;1
ودیگری;1
آتل;1
بینمان;1
ناگهان;1
روحیم;1
team;1
عروق;1
بفهیم;1
کارامل;1
push;1
دعوت;1
98;1
فزار;1
پاچه;1
باورتون;1
نفرم;1
افقی;1
لوودشون;1
جلوتر;1
موبایلش;1
برجام;1
گیگ;1
دادالبته;1
پیشروی;1
هنگامیکه;1
اخلاط;1
72کیلو;1
070517;1
بومی;1
بزارن;1
تبادل;1
My;1
تند;1
تنس;1
تنش;1
نگرفت;1
موس;1
تخته;1
کنیدعلت;1
خمسی;1
هد;1
دهتا;1
کنکوری;1
تشدید;1
ماهانم;1
هذ;1
مدیره;1
مونیم;1
میخوریم;1
کودکانمون;1
1میلیون;1
خویشاوندان;1
آلکالین;1
تمپلیت;1
اس۶;1
ولو;1
A;1
استعفا;1
وهمسرم;1
machine;1
کافیئینی;1
اولم;1
جهنم;1
محترمبنده;1
احترامبنده;1
وصلش;1
خوآموز;1
بازارهم;1
ضعیفه;1
خوششون;1
میگذارند;1
بشقاب;1
ومجردم;1
کند&nbsp;1
وخشونت;1
91;1
کارنتین;1
آرنج;1
مهمانی;1
سیرترشی;1
ابداع;1
پاکش;1
وروغن;1
اسفناج;1
وغیره;1
ودچاراسپاسم;1
مبدل;1
آور;1
سوالاتم;1
بخونن;1
ردیابی;1
دنده;1
خودمممنون;1
3الی;1
بلوبری;1
مهدورالدم;1
حمایتی;1
نفری;1
برجسته;1
There;1
فهمند;1
رازهایتان;1
مأذون;1
احتراممزایده;1
بیادم;1
وحشی;1
تاقیمت;1
کاوی;1
ستان;1
اسرع;1
بدحجاب;1
زبانانگلیسی;1
برخلاف;1
نسبی;1
قسمتش;1
دولتیست;1
وبعد;1
آشپرخانه;1
امتیازی;1
ذکری;1
خوریم;1
مســافرت;1
سلامدوست;1
کلیندامایسین;1
wooden;1
چانه;1
اقرارکننده;1
بارنگ;1
ژستایی;1
فینگراستفاده;1
کارکنه;1
میمیره;1
ناشناخته;1
ممنوعه;1
تاموکسیفن20مصرف;1
H2o2;1
دادستان;1
ری;1
خودرویی;1
سحردوستی;1
بخاری;1
برداشتم;1
امده;1
باشهباتشکر;1
حافظم;1
653289;1
653288;1
تیوولی;1
رنگش;1
unit;1
ساینده;1
بدزدیم;1
دوغ;1
درصد*;1
missing;1
احترامسئوالی;1
هرس;1
ورزشای;1
چوبیم;1
اسنپ;1
ویستا;1
آیفون7;1
میدهم;1
اکسترنال;1
سرحال;1
انفورماتیک;1
نشویم;1
ارطباط;1
مشکلتان;1
انجانب;1
انگلسی;1
چکشم;1
سِمت;1
میشیگان;1
مناسبتره;1
بازگشتم;1
قراربدهید;1
۱۸۰;1
هدفی;1
قدی;1
ارزشتر;1
مادربورد;1
درفیش;1
هامو;1
نشاسند;1
موبوگرام;1
ظلمیه;1
خیییلی;1
زمستانه;1
ذکره;1
ادعاها;1
جوهای;1
came;1
یکماه;1
سندها;1
خونوادم;1
نکتار;1
Pokecoins;1
تربن;1
تاریخیه;1
نقاش;1
حمایت;1
کاذب;1
مهربانی;1
کنده;1
pad7;1
never;1
تاول;1
دوسر;1
ماجرای;1
ژنتیک;1
Logging;1
بپردازیم;1
راعایت;1
انتها;1
وبغض;1
هیچکدام;1
نش;1
چاپخانه;1
همت;1
۱۰۱;1
خواهرانم;1
مدلش;1
دایرکت;1
قرادادهای;1
اکسیدان;1
پیوره;1
تومور;1
ایــــــــــران;1
هلو;1
ریسک;1
وکمی;1
یکان;1
اغتشاش;1
تضاد;1
انیمیشن;1
عفت;1
ختم;1
هپا;1
service;1
تختی;1
174;1
مقدوره;1
176;1
تقدیر;1
snagit;1
کشاله;1
ارتفاع;1
شغلشان;1
۱۲۰مترمربع;1
مکس;1
اذیتی;1
ومشق;1
enamad;1
پرکردن;1
تا۲۴;1
personal;1
Dou;1
re;1
درین;1
بندازه;1
پرتفوی;1
انضباط;1
ازخدمتتون;1
ارادتمادر;1
نیومدن;1
شکرک;1
خاطرم;1
میدانم;1
منصفتره;1
پاتیسیر;1
حراستی;1
پریشون;1
ترسو;1
مسئول;1
کاز;1
۴ماهش;1
کاش;1
کتابامو;1
مکه;1
بخواین;1
بخوایم;1
مشهوداست;1
نظریه;1
آرگون;1
مقلدین;1
یکسری;1
گیت;1
وانگشت;1
استادام;1
کپیه;1
عمداً;1
گوشیو;1
گریها;1
زوال;1
نزنه;1
پسوند;1
بریتیش;1
خواهشن;1
برسند;1
بکنن;1
پنهان;1
عمدا;1
درزمان;1
گالاگسی;1
اخرین;1
سهمش;1
DropOut;1
تیروئیدیسم;1
حیواناتی;1
homework;1
بلایا;1
سنیه;1
ادرس;1
دیوارهای;1
Crash;1
دونفریم;1
کانال;1
گیرن;1
شما1درصورتی;1
۵گیگ;1
ایلات;1
میارند;1
برک;1
ارزون;1
ازکاسه;1
روزنامه;1
بیتهایی;1
قاعدگیت;1
قرائت;1
نفرند;1
*724;1
قفسه;1
بااین;1
سابّ;1
its;1
اورژانس;1
نتوانست;1
18ماهم;1
هارو;1
خانومها;1
وووووووووووووووووووس;1
فرستند;1
ظروف;1
ترازنامه;1
ازمایشات;1
منتفی;1
متشنج;1
لوسین;1
خواران;1
وارانتی;1
مطبق;1
برداره;1
ارتباطات;1
سگهای;1
ماکروویو;1
زندگیتان;1
تاچند;1
جداسازی;1
اجرائی;1
cpu;1
نخوانده;1
سیاره;1
نخواندم;1
انفرادی;1
دختراش;1
وقتیه;1
۷روز;1
ممنوووون;1
واجبه;1
هوآوی;1
ببخشین;1
کجای;1
سازنده;1
اخلاقیش;1
نتوانند;1
جراح;1
تفضیل;1
پدرپدرم;1
ایرانو;1
صفرا;1
وسالم;1
گیلاس;1
دستکاه;1
مؤسسه;1
سالک;1
جامیگیره;1
پرانرژی;1
محجور;1
کثیف;1
ویژهه;1
ژنی”;1
کامپاند;1
صندوقدار;1
سرپرست;1
خواهرش;1
عینکی;1
نوشد;1
آفیس;1
ASCII;1
ریست;1
Shineبا;1
ایمیلهارو;1
مانشت;1
سفیدد;1
شکرها;1
بازدارنده;1
فزاینده;1
استگاری;1
وبر;1
پرشش;1
وحیاتی;1
چظور;1
وجودتان;1
asus;1
موجوده;1
نیازدارند;1
فرزندمان;1
صفحات;1
3x;1
M;1
play;1
وبعضی;1
عالم;1
بانکداری;1
ره;1
عشقی;1
پاسخگوئی;1
سایتها;1
صاحبخانه;1
رضا;1
g6608;1
دوساله;1
بایستیم;1
wysiwyg;1
دندانهایت;1
وانتقال;1
خواندگی;1
استکبار;1
باسلاممادری;1
زنانه;1
محتوا;1
هاب;1
غذاهاتان;1
عضلاتم;1
مینویسن;1
Vector;1
نهنگ;1
آدابی;1
تازگیها;1
هفته29;1
مجردی;1
اینان;1
arxiv;1
٢٠٦های;1
نمائید;1
Wifi;1
لگن;1
چارتر;1
دینه;1
ارث;1
DAAD;1
Firmware;1
قیلا;1
نامناسب;1
الویت;1
چکارکنه;1
Service;1
ناتوان;1
ثانیا;1
5018137;1
رمینه;1
پروولون;1
دستکاری;1
12ساله;1
سرودن;1
ورد۲وک;1
اماده;1
دونید;1
دچارتصادف;1
اکروزم;1
شترمرغ;1
offline;1
استیلی;1
نهد;1
فیلا;1
برسونم;1
میرد;1
175;1
مرگشه;1
آپگرید;1
خودهمسرم;1
ناشناس;1
سوئدی;1
داک;1
IPS;1
مادرشوهرم;1
داور;1
always;1
نصاب;1
٥٨;1
users;1
سودای;1
زندکی;1
نشیند;1
میلیمتر;1
کاربراتون;1
پروبیوتیک;1
خوشتون;1
صمیمیت;1
طهاره;1
هنگ;1
فرمی;1
23px;1
بنیان;1
درسگها;1
دیواره;1
درصفحه;1
همسالان;1
خمس;1
قراردادش;1
معاصر;1
میخوادبگیره;1
اراک;1
حرفو;1
بنشینم;1
حرفم;1
باردارنمیشم;1
اندومتریوزباشه;1
راهنمایتون;1
سئوالی;1
جهل;1
گوشتی;1
تاجر;1
ACیعنی;1
ملاء;1
تقریبآ;1
شرایطمو;1
سنسور;1
اینبود;1
مجادله;1
جزوهمو;1
نهج;1
فروشگاهی;1
نواندیش;1
نمیخواد;1
نگذروندم;1
تحقیقهای;1
ایرانیش;1
fifa;1
بیاره;1
وچندشاهد;1
بپرم;1
گه;1
نزند;1
مهاجم;1
نازایایی;1
نوشتم;1
آیاخوردن;1
نمیفهمیم;1
بیماریم;1
جنسا;1
ازمسلمین;1
دودکش;1
زشتی;1
نفهمیدم;1
خرمشهر;1
کارخانه;1
آشام;1
دخترعموها;1
دات;1
حتا;1
نشوید;1
NLP;1
نایلکس;1
داستانی;1
درستو;1
دانتل;1
us;1
میچرخونم;1
خریدین;1
نماییدsomeone;1
۷۸;1
یپرسم;1
کربوهیدرات;1
گرمایی;1
حبوبات;1
بیاورید;1
فریبنده;1
سولار;1
نابالغ;1
استرحم;1
تاثیرگذار;1
ملیت;1
ناشتای;1
افتادن;1
آنفلوآنزا;1
گرردیده;1
گذاشتیم;1
مادربزرگ;1
جلال;1
حقوقم;1
بابام;1
میون;1
ناشنوا;1
ایشونو;1
ووارد;1
Undestanding;1
لیگی;1
سروتونین;1
اجحاف;1
بادجان;1
روستایی;1
محجبه;1
گرفتماما;1
رامبد;1
طبیعت;1
برآمد;1
پیرو;1
اکسیژن;1
وادعا;1
باطلش;1
سپردن;1
آزادم;1
آبگوشت;1
فوقانی;1
هایما;1
تهدیداتی;1
مؤدبانه;1
زعفری;1
میترسن;1
عیبش;1
نفرین;1
دکلره;1
نطر;1
وزن۹۳;1
ازدستشون;1
بدتون;1
مسکونی;1
سریعا;1
بلندی;1
رغبتم;1
آویزان;1
بدبو;1
سیمان;1
مصر;1
خودکفایی;1
جوابگو;1
ناشر;1
مرزهای;1
چشمگیری;1
استیلن;1
عینکیه;1
عواطف;1
میگیر;1
لزوما;1
پذیرد;1
میزانش;1
مبالغی;1
۲دارم;1
توانستم;1
تردید;1
لختی;1
یSDKرا;1
کودکستان;1
سیری;1
هستندایجاد;1
دادنشان;1
میگوید;1
کنیداین;1
وخانواده;1
بزرگتر;1
صافو;1
ببینند;1
مجرا;1
اگزوز;1
خواستن;1
قاطیش;1
لیزیک;1
صافه;1
دوستانه;1
بلاگ;1
کلااا;1
فولادی;1
with;1
پیشبینی;1
زیز;1
لام;1
نمودن;1
اسمشونو;1
کردهو;1
59هست;1
العموم;1
اسپیرونولاکتون;1
خلط;1
2300بود;1
آشنایید;1
خوابهای;1
قائذگی;1
راهنمایم;1
منجزاً;1
فیفا;1
ترن;1
ازپوسیدگی;1
آهنگ;1
گشته;1
ازبیمه;1
گشتم;1
دنداهای;1
مرسوم;1
her;1
میخواست;1
میانه;1
ملانین;1
تقریبأ;1
پرتقالی;1
۱۳۹۴;1
عناوین;1
دزدگیرته;1
گیاهانی;1
لاغره;1
توأم;1
تفاوتش;1
تنک;1
مسافری;1
مسیحی;1
آفرید;1
نیز&nbsp;1
سودآور;1
میاورید;1
زائداندام;1
فیزیولوژیکی;1
ivf;1
عمرانی;1
شکاکی;1
کارگزاری;1
پیامی;1
فهم;1
سادهتر;1
موکلی;1
آبهای;1
نخونده;1
اخروی;1
زیباترین;1
مکانیزم;1
آستین;1
بتا;1
هنرپیشگی;1
learning;1
مهندسین;1
نرفتن;1
شند;1
مینویسه;1
سزا;1
Example;1
موجودی;1
غمگینم;1
عمویمان;1
بدلم;1
نمیشه٬;1
پاستوریزه;1
قاجاریه;1
شباهتهاشون;1
فلکس;1
اپن;1
قانع;1
معضلی;1
عراق;1
MRI;1
منشا;1
طبعا;1
مریض;1
نجیب;1
حراست;1
دارم٬;1
equals;1
گزاری;1
بامعدل;1
رانندکی;1
شفاهی;1
حشرات;1
ودوم;1
مامانا;1
فرمودید;1
کسلم;1
نقض;1
وکبد;1
سادات;1
تز;1
26سال;1
دردسرها;1
دوشون;1
یاتجدید;1
جزءنیروهای;1
مجاورت;1
اسکن;1
کشتار;1
مداحی;1
مبادی;1
وخودش;1
وحشت;1
هرکجارو;1
رادرون;1
رویاهام;1
ازیک;1
مصونیت;1
161;1
166;1
ملکی;1
168;1
میماند;1
اقدامات;1
website;1
دانشجوها;1
پوسیده;1
موف;1
سؤ;1
شکری;1
دکترایه;1
مبدأ;1
پد;1
C#;1
یادگرفتن;1
height;1
کردو;1
لنفوم;1
ماینیگ;1
مشکیه;1
پارگینگ;1
نانوایی;1
مبدا;1
ابسترکشن;1
درنیاوردن;1
درنیاورده;1
دایر;1
رانندگانی;1
فیتنسی;1
راهش;1
آر;1
Converter;1
فرزندتان;1
نامزدیا;1
غرض;1
سریعت;1
فقیهان;1
struts;1
اممیخاستم;1
زبانهای;1
۳۲;1
3520;1
بیشتراز;1
user;1
باطری;1
آنگاه;1
بزند;1
میگند;1
دهندگان;1
استانی;1
مستدعی;1
ckeditor;1
پسردارند;1
ترامپ;1
محاصره;1
آد;1
دشوارترین;1
مکرّر;1
هردانشگاهی;1
بخیه;1
پراکسید;1
متأهل;1
شبا;1
تبلتو;1
آفریده;1
غذائی;1
امضاء;1
خوشبو;1
کدوماتون;1
بدند;1
ژنی;1
پوچی;1
شریکم;1
قویه;1
مورچگان;1
معتقد;1
کارو;1
نافله;1
درآوردم;1
بغلیمون;1
پاییزی;1
ازچه;1
نیازت;1
آنکارا;1
163;1
آلومینیومی;1
تلفات;1
الاان;1
نیت;1
الحمدلله;1
بدهباتشکر;1
بارگذاری;1
جبری;1
Ubuntu;1
بُناب;1
صدمه;1
ذات;1
سانتم;1
پولیپ;1
نوصیه;1
هوادهی;1
گناباد;1
بداخلاق;1
٢٥٠٠٠٠٠;1
عقربه;1
اسپیکینگمو;1
والدینم;1
کنندتصمیم;1
منظمه;1
ینظرشما;1
تسهیلاتی;1
نابردباریها;1
بخورن;1
افرایش;1
تنه;1
وآش;1
منبرای;1
همکاری;1
قندبارداری;1
me;1
ماموری;1
امامت;1
بازبینی;1
hoseyn;1
داشبورد;1
پلاسیده;1
ادورز;1
یواش;1
شوری;1
بارداریبرای;1
بزنمش;1
ببریم;1
میخواین;1
مشکلاتشان;1
پلاگین;1
باکلاس;1
i9100;1
استرسمون;1
تنگی;1
عموم;1
طرزتهیه;1
مقاطعه;1
قنداق;1
آموزششون;1
سندیت;1
دریغ;1
باگت;1
پلیز;1
خوردند;1
جلسمون;1
قیچی;1
نمیتونیم;1
چبست;1
معلولان;1
تسک;1
هبه;1
لوبیا;1
وپایین;1
رابو;1
کاپ;1
VR;1
kit;1
زحماتی;1
صرّافی;1
ببخشیدامکانش;1
نفرت;1
کدو;1
if;1
بلکم;1
ذمه;1
نتونستیم;1
ip;1
بشوند;1
خواستند;1
راسته;1
درساعت;1
B2B;1
پائئینم;1
لاتین;1
چمن;1
کنیدمن;1
کمربند;1
معلمی;1
سالادبار;1
www;1
Prince;1
حضورداشته;1
باطرف;1
باقلوارو;1
ونتیجه;1
ویلچر;1
میفتم;1
ازسگها;1
اولویتم;1
دویمان;1
مبرسید;1
فکرامون;1
ماهگونیه;1
۱ماه;1
مستمندان;1
روحیات;1
نفقه;1
مامانای;1
7سال;1
61بالاتنم;1
عدّه;1
دیکشنری;1
USSD;1
سنجش;1
باوجودی;1
خواری;1
اتفاقاتی;1
مختل;1
samsung;1
تشیّع;1
مطالعاتی;1
ابزاری;1
التهاب;1
رجب;1
توصیهای;1
سطحی;1
Delivery;1
آیو;1
تعدی;1
ازخوردن;1
ذهنمم;1
همکارانش;1
education;1
ضمانتی;1
میخواستن;1
تا800;1
sponsor;1
نتایج;1
روابطمون;1
تنقلات;1
عادیه;1
تأثر;1
هدفونم;1
ودرتجدیدن;1
شاهدیم;1
کوچه;1
بانجی;1
تخرِب;1
خوند;1
قلبم;1
حملات;1
سرویسکار;1
ترسد;1
اعراب;1
سانتیگراد;1
غیرمسلمانان;1
2ساعت;1
مستقل;1
انصافی;1
گیاهخواران;1
نگیرد;1
ارضایی;1
تصویرم;1
نورش;1
شرک;1
تیراندازی;1
B2C;1
درآب;1
حقیقتش;1
پاهاشم;1
مضرر;1
لوک;1
hb;1
برنامهitunes;1
universities;1
چیزایی;1
سرسیاه;1
هیبریدی;1
سرکوفت;1
پرفروش;1
6013;1
EPUB2;1
کشنده;1
گرید;1
تضمین;1
فایدس;1
ادوردز;1
انحراف;1
ازان;1
اهمیتی;1
عضوی;1
Wireless;1
پشتی;1
باسن;1
فتق;1
فایزفاکس;1
برادرای;1
26s;1
علیهاالسّلام;1
1یا;1
استاک;1
مناظق;1
تحریر;1
خودسرانه;1
نوردی;1
علیرضا;1
باقد155ووزن66;1
غذایش;1
طبیعتش;1
کارمندبازنشسته;1
ضمیمه;1
قشنگی;1
ومباحث;1
مشایعت;1
کلانتری;1
IDF;1
لباسها;1
بیداد;1
اتوبان;1
تعبیرشان;1
tongue;1
غذاییم;1
بگبرم;1
28روزه;1
برلیانس;1
پستان;1
شورتکات;1
اسنک;1
فرساست;1
بدرنگی;1
وانیل;1
وگرایش;1
ببرد;1
بخواهم;1
باهاشقدم;1
الهویه;1
معنوی;1
امدادگری;1
خسیسی;1
تندیس;1
ختر;1
president;1
نگفتی;1
اغراق;1
قیافش;1
ماشینمو;1
توقع;1
العیاذ;1
محترممهریه;1
اموری;1
یوآی;1
پدیده;1
میکروهیبرید;1
کلیوی;1
برفوت;1
مسواکی;1
میکرو;1
فیزیوتراپی;1
ساعد;1
محفوظ;1
استشهادیه;1
Blue;1
کوئل;1
صدامو;1
سازند;1
بخایم;1
گردوییه;1
NLU;1
فروختن;1
جانوشابه;1
پفکی;1
دونباله;1
هرچقدر;1
بازمین;1
ارامنه;1
نباشیدلیسانس;1
سپاسگذارم;1
جرایم;1
باشی;1
آلبرت;1
خوردنشو;1
آبرسان;1
لمات;1
گات;1
سنبل;1
رژ;1
10کیلو;1
نوعا;1
بچشیدش;1
مردها;1
کوتاهترند;1
همگان;1
کیچیکی;1
شباهم;1
شاهدان;1
معتقدی;1
ضرب;1
ممنو;1
وخانه;1
ترسیدم;1
فعالش;1
101;1
100;1
ارزه;1
10%;1
خانومهای;1
تبعی;1
جلف;1
اشستهام;1
زیپ;1
معصومه;1
بدغذاست;1
مخزن;1
بخاط;1
کنفرانسی;1
نادری;1
دیلیت;1
قیمتهاش;1
hibernate;1
آمدند;1
معاملات;1
سوهان;1
زیره;1
شوراهای;1
مومنین;1
مهارتهای;1
خــود;1
اونجارو;1
دلگیرم;1
ابی;1
پساری;1
برنرخ;1
قراردادها;1
١٤٣٠٠٠٠٠;1
1سانت;1
tell;1
پارکینسون;1
call;1
پرخاش;1
ایمپورت;1
آمالگام;1
نباشیدبنده;1
رفاهی;1
مقرّی;1
نمیکنئ;1
رقیبی;1
تحرک;1
04602;1
بگذرانند;1
ولرم;1
اپارتمان;1
ضایعمون;1
معصومین;1
۵۰۰;1
برگردیم;1
Dropout;1
معافیت;1
طرفیم;1
طبعم;1
رمضان;1
road;1
باب;1
باش;1
باس;1
آنهایی;1
میخرین;1
القایی;1
اذن;1
غلط;1
علائمایی;1
پیچی;1
دوستمان;1
نواحی;1
هیئت;1
وتنظیم;1
پربودم;1
توهمی;1
ذو;1
وسائل;1
غایت;1
جلد;1
بفرستمwhy;1
طلای;1
آیده;1
فلز;1
۴۰۰;1
فرزندوهمسر;1
کرئم;1
سانس;1
لیبل;1
راستشو;1
قدم168;1
تپه;1
جوابش;1
بزرگسالان;1
دندوناش;1
ازدنیا;1
بازیکنان;1
اوفات;1
وطن;1
یکماهههه;1
مصارفی;1
عموها;1
حجت;1
پاها;1
کامپکته;1
کنیمممنون;1
تهییه;1
بشنوم;1
و2میام;1
کشیدم;1
وجلو;1
بدادگاه;1
نمایندگیهای;1
images;1
جمشید;1
خاطرانگیز;1
running;1
مطالعات;1
سواستفاده;1
نهفته;1
ار;1
۸۵و;1
گردم;1
مثلیّات;1
شله;1
حقم;1
دیدار;1
5سانته;1
عوارضش;1
بزاریم;1
نشینی;1
hashCode;1
آسانتر;1
زاست;1
پروتن;1
فیکس;1
هواوییp9;1
پدربزرگم;1
١٧٠هم;1
گیاهم;1
ببینه;1
ماهگونی;1
ات;1
بردارد;1
دستوربیمه;1
کک;1
وراه;1
پنبه;1
شومبا;1
حدومرز;1
واکنشی;1
گوسفندها;1
خواهشا;1
ازخدا;1
موافقید;1
بارعایت;1
ساختار;1
پلاسکو;1
ازونجا;1
a5500;1
متاسفم;1
شمامیخواهم;1
اویشن;1
پولکی;1
backgod;1
نباشم;1
خواندند;1
کارگزار;1
کارگیری;1
گول;1
خونمون;1
انگشتان;1
انگشتام;1
غذارو;1
ازکیت;1
فیلدهای;1
فلوکونازول;1
ریزم;1
مشروع;1
امو;1
امه;1
مشروط;1
امگا3;1
چارت;1
مشروب;1
نیومد;1
سلامایا;1
deb;1
IEEE;1
توانست;1
منOمثبت;1
توابع;1
هاله;1
دستوره;1
تکلیفم;1
پلاس;1
یارانامه;1
رفیقی;1
دادوستد;1
حقی;1
two;1
اقماری;1
ستاندار;1
Core;1
گاوی;1
نعوذ;1
باگ;1
good;1
میبینید;1
تاسسی;1
غر;1
شلم;1
late;1
مثلی;1
What;1
بوت;1
لاک;1
آبرسانی;1
مچکر;1
8*10;1
برمی;1
انهارو;1
میواند;1
وصبحا;1
حدود2ماه;1
اس6;1
اس7;1
اس4;1
اس5;1
اس2;1
قرارداده;1
شدیمو;1
عجیبی;1
بالابردن;1
iui;1
گیپور;1
نصف;1
استرویید;1
مورخه;1
پرشده;1
نعل;1
واهواز;1
کیلویی;1
تجربیسال;1
معنا;1
HDMI;1
نمیپسندم;1
مغزگوسفندخوردم;1
روشون;1
بژ;1
فیوز;1
انداختم;1
دوسند;1
نظرمه;1
وتحصیلات;1
استخادام;1
دارمتمرکز;1
بخشها;1
میزانی;1
امکاناتی;1
بیضه;1
وبرادرم;1
plugins;1
میابشد;1
نقلیه;1
میدادم;1
نشینم;1
viewهای;1
چارشونه;1
Object;1
محتوای;1
سبیل;1
منظومه;1
سودشو;1
تمساح;1
سیپروترون;1
زانوهاش;1
پسرهای;1
ارای;1
ببینیدش;1
کفتند;1
اشته;1
۴روز;1
hdd;1
پیامک;1
اجمالِ;1
جانی;1
یاپیش;1
غذاهایش;1
رضاهاتفی;1
جرثقیل;1
ساکنین;1
تعقب;1
ایثارگرند;1
مشتریایی;1
برخوردم;1
گرداگرد;1
کردستان;1
ایادرد;1
تعلیق;1
شومبرای;1
بتالاکتام;1
6th;1
خویشاوندی;1
اسکی;1
هافمن;1
شفاف;1
فاضلاب;1
آبادان;1
value;1
بترتیب;1
هائی;1
مقید;1
till;1
نبردم;1
مقابله;1
اسپایسی;1
cglib;1
Score;1
آبانه;1
اریکسون;1
تدابیری;1
گفتین;1
بدبینانه;1
حمید;1
فاندگرفت;1
کفرگویی;1
واحدشان;1
ویرانی;1
مگان;1
بادیامترحدود٢٠*٢٠میلیمتردرعمق;1
بامزگی;1
خدمتی;1
کرایه;1
رسیدند;1
کشفیات;1
ماشینمون;1
آنتن;1
اهالی;1
قیاس;1
فیفول;1
عدل;1
سایتتون;1
فولدر;1
شناختم;1
نفهمیدیم;1
معقولی;1
پاهای;1
درددل;1
راضمانت;1
حسنین;1
پیجهای;1
یونسیه;1
شونو;1
ضمناً;1
متعهد;1
box;1
ناتوانی;1
کلیپ;1
سفرمم;1
سریعترین;1
مسافت;1
ازدواجمان;1
اپدیت;1
نسل;1
اسنگیت;1
پهلوی;1
خوشمم;1
قضاییه;1
سلامبرای;1
باطله;1
عکاسیه;1
منازل;1
گردیدآیا;1
dip;1
بچگیو;1
دهیدسپا;1
لبها;1
فرما;1
خلاهایی;1
مقدسه;1
سجده;1
بنابر;1
رنگ&nbsp;1
روزیه;1
ابعاد;1
9th;1
بماله;1
آیکون;1
{در;1
خمییر;1
جسامت;1
نامربوط;1
نواز;1
بپر;1
مسافربری;1
timeدر;1
باشگاهها;1
19ساله;1
مصلحت;1
اذان;1
فالوده;1
معرضش;1
کمپوت;1
قانعی;1
نظری;1
XGboost;1
مقایل;1
شناس;1
بویی;1
آتش;1
محو;1
1710;1
نباشی;1
می توان;1
حلکرده;1
دستکش;1
وزیادبود;1
زاس;1
زاج;1
قره;1
manager;1
متغیره;1
وزنه;1
بارداریچقدر;1
ارتعاش;1
get;1
باوجوداینه;1
نازکی;1
j5;1
وایمیسته;1
Wi;1
مفقودی;1
بخوایید;1
جالبی;1
نباشیدایتجانب;1
پردازد;1
پهلوو;1
عاشقانه;1
صدق;1
خودایمنی;1
تلقیح;1
دیدارهامون;1
j7;1
چیزها;1
dated;1
پادرد;1
نمودیم;1
کدخواست;1
سیلور;1
آمنوا;1
نزنم;1
نیوزیلند;1
گر;1
سبستم;1
۱تا;1
ارگانیک;1
ممبران;1
called;1
ذغالش;1
کشک;1
نیرویی;1
مقصر;1
screen;1
enough;1
مجرم;1
وخانوادش;1
بز;1
مقدور;1
calendar;1
مصدومینی;1
قطر;1
which;1
ذر;1
کتابت;1
مالکست;1
۲۰۱۲;1
بدانجا;1
مناسبم;1
راشرح;1
ISC;1
همانگونه;1
جوشای;1
هندوانه;1
ISP;1
نسخ;1
نسج;1
بیفتد&nbsp;1
هل;1
قائل;1
هـ;1
اینصورت;1
nofollow;1
پنکیک;1
شکلکها;1
کیلوگرم;1
پردازشی;1
داشتنی;1
مبتلایان;1
همینه;1
تحمیل;1
nominal;1
اصفهانم;1
یونسکو;1
زرنگ;1
smiley;1
بارغیر;1
٥٥کیلوگرم;1
نابینایان;1
نهی;1
مبهمی;1
کاراش;1
بال;1
فانتزی;1
دندونها;1
DR;1
بش;1
ائمه;1
وبرنامه;1
ازماش;1
موبایلم;1
حکومت;1
ملتزم;1
شوره;1
ندیده;1
کرولا;1
پتاسیم;1
باقیمانده;1
۱سال;1
memo;1
جیمیلم;1
سطل;1
دوساعت;1
اوره71;1
قانونا;1
کوچیکم;1
بتوانید;1
مموری;1
دوگانس;1
دیشب;1
پله;1
رباکسیم;1
اومدم;1
mpg;1
منقضی;1
عاملش;1
FORCE;1
تجربیات;1
بینا;1
mp3;1
بیند;1
یاخیرلطف;1
پدرومادرش;1
قرآنی;1
زنانی;1
کشورباور;1
مقدارزیاد;1
غذتهای;1
لاین;1
محضری;1
PFILE;1
مترجمی;1
تجسمی;1
بهترینه;1
شرایتطش;1
هزینة;1
بشوید;1
تحمیلی;1
ماینه;1
vegetarian;1
تنطیم;1
میکروب;1
عزت;1
دانستید;1
گلودرد;1
وگرفتگی;1
iran;1
عشر;1
4سال;1
۴۰;1
18تایی;1
خودروم;1
موضوعاتی;1
خیـــــــــــــــــــــــ;1
رئیس;1
خواهری;1
اشاره;1
ترکهای;1
بشناسونم;1
چادری;1
خرافات;1
study;1
فوتبالیست;1
جانداران;1
بپوشه;1
Notch;1
نوپای;1
اشتباهی;1
بروی;1
میشیند;1
شمال;1
اعتبارپاسپورت;1
نوازش;1
شوه;1
ایرانیانی;1
شوق;1
زیربغل;1
ازتهران;1
راضیشون;1
دسرهای;1
صرر;1
چشمهامون;1
ندهد;1
ادامس;1
پرتوقعی;1
هرکار;1
قداماتی;1
src;1
خیارشور;1
عصر;1
هنر;1
برادرانم;1
میزبان;1
خلفی;1
80کیلو;1
وجایی;1
بارونیه;1
شیپور;1
abstrac;1
آلوده;1
جنازه;1
صاحبش;1
you;1
حیثیتی;1
درپاسخ;1
سردرگم;1
ضدآفتاب;1
راسخون;1
انقد;1
دستشو;1
قروت;1
واردشوم;1
آداپتور;1
پیچیده;1
شارزر;1
کلووولانات;1
دیاگ;1
نهممنون;1
میبینمش;1
باصریمن;1
روشندلان;1
موال;1
صوری;1
نگفتنآیا;1
عزاداری;1
کشیک;1
احترامخواهر;1
استادم;1
مثل2000;1
میخواو;1
دمشو;1
وایفای;1
استرادیول;1
صهیونیست;1
برمیگزیند;1
دستشویی;1
حائز;1
گالن;1
دهه;1
بیدارم;1
خیانت;1
پیوندش;1
Semantic;1
گناهم;1
اسفنجی;1
پیازداغی;1
چری;1
محتملی;1
اعلانات;1
گردید;1
سلاممی;1
نره;1
تحقیقاتم;1
فرهای;1
کامپایل;1
energya;1
asp;1
پولی;1
خانوادة;1
دفاتر;1
تعمیرات;1
زدایی;1
ورا;1
کمپانی;1
گوشتخوارهستند;1
ماکارون;1
بازیگوشی;1
لیک;1
۱۶۰;1
مشت;1
تجدی;1
BC;1
صحبتهای;1
دادگاهی;1
الهی;1
ابهام;1
مفرط;1
فلانه;1
سوظن;1
ازویژگی;1
تیگو5;1
وشد;1
درتوله;1
مخصوصاً;1
مکیدن;1
وسایلم;1
خبازی;1
unistall;1
نشهآیا;1
زمینم;1
شوزش;1
Oral;1
کاسترد;1
نمیدید;1
توالت;1
ابروی;1
قد168;1
هلیکو;1
پروتینی;1
صلاحه;1
هضم;1
سولفوریک;1
بابلسرم;1
هیپو;1
شوهری;1
تفاله;1
ترسیم;1
perceptron;1
دمتون;1
href;1
مینی;1
برگشتی;1
جوشکاری;1
لرزش;1
اسکلت;1
SD;1
گسترش;1
غیرعادی;1
held;1
اجناسش;1
۱۱;1
کیف;1
علیکم;1
داوطلبانه;1
دنبه;1
فیرم;1
وفرصت;1
100میلیون;1
ناچاری;1
درسش;1
سنگاپور;1
نوین;1
یکصد;1
راحتر;1
سنه;1
ازبین;1
هرند;1
انتخابی;1
کولری;1
بریده;1
قرصهایی;1
چاله;1
CAM;1
سلامدو;1
خودرم;1
نتواند;1
GitHub;1
farmوfieldرو;1
PhD;1
تلویزون;1
حدفاصل;1
یاهوو;1
دلائل;1
واگذار;1
قدرتمند;1
مادربردی;1
فضائی;1
خلطم;1
وحدود;1
45ldl;1
that;1
آویشن;1
editor;1
ودقیقا;1
کراس;1
زودرنج;1
بامبوهایی;1
شدیده;1
xp;1
وبخاطر;1
تبارک;1
عصاره;1
نوت;1
ظرفشویی;1
شیرینه;1
اسکرین;1
امنیتشون;1
آمپر;1
دخترهستم;1
درنهایت;1
درسگ;1
ایمیلهای;1
راهکارها;1
only;1
title;1
تماشا;1
شونده;1
ادبپوست;1
spyware;1
آمپولا;1
فراغ;1
فراز;1
گهگاه;1
نخوان;1
چندتاتا;1
شناور;1
عبادات;1
وبالا;1
برادرشان;1
انفجار;1
دودانه;1
بدمینتون;1
حیف;1
ذهنمه;1
غریبه;1
بوووووووووووووووووووووووو;1
ورقة;1
ساختمانی;1
حرفاش;1
ژاپن;1
RO;1
EPUB;1
دنــــــــــا;1
غیرمسلح;1
نشن;1
زالو;1
extreme;1
سکته;1
Fee;1
ایناست;1
سنم;1
منزله;1
مسیری;1
عنوانی;1
چراممنونم;1
Model;1
واردسیستم;1
مادرو;1
نمیدونه;1
نمیدونن;1
قابلیتهایش;1
راهنماییهاتو;1
زینتی;1
دولیت;1
کوزه;1
عطاریان;1
not;1
میدونین;1
سوزن;1
تکه;1
coulda;1
ماسک;1
card;1
جوشم;1
گذاریِ;1
اندونزی;1
١٧ساله;1
اختیاراتی;1
فرزندزودترازپدرفوت;1
مفاصلش;1
روستاهای;1
کوزوو;1
دمدمی;1
خطره;1
سیستانی;1
دقتی;1
درهرروز;1
مرداد;1
آشغال;1
بعدازظهرا;1
اختیارات;1
نبودند;1
تصورم;1
رحمانه;1
فکرم;1
دنداها;1
وفق;1
کادر;1
بگوییم;1
EPS;1
اطباء;1
گلفروشی;1
ازبچه;1
کانت;1
تعادل;1
واریزکنن;1
کوتاهیست;1
بکاررفته;1
مباحث;1
مخالفید;1
استقبال;1
11ماهه;1
پیامبران;1
تعدّد;1
پیچه;1
Launcher;1
عروسیمونه;1
توکار;1
بدهی;1
لیدی;1
lite;1
زفت;1
مراراهنمایی;1
بفرسی;1
ایدی;1
بالاسری;1
مجرمی;1
سالاری;1
تهدید;1
Ios;1
spendوdevote;1
لوگو;1
مستی;1
وخواهر;1
طبایع;1
مگر;1
نماییدshe;1
وهرشب;1
اونجاست;1
الگوی;1
تاریکی;1
تأیید;1
اطهار;1
خودمم;1
۲۱ساله;1
میبخشه;1
چشید;1
listening;1
همراهی;1
رازش;1
رنگین;1
وسیگنال;1
ازحقوق;1
میزد;1
لبنی;1
جممله;1
راهنما;1
ماساژدادن;1
رکعت;1
embedding;1
سومین;1
وارونگی;1
بچسبونم;1
خواهی;1
دوچره;1
جراحیشون;1
وسانگ;1
تسریع;1
اینباره;1
نمیتونند;1
ساختیم;1
الطهورین;1
فرزندشان;1
8پریودیم;1
پیمانکارچیست;1
دوازده;1
قیمیّات;1
قشم;1
ارضا;1
ارجاع;1
5سال;1
تفاوتها;1
پروتکل;1
ماینر;1
همرنگ;1
دانیم;1
کشوره;1
میاید;1
خیلیها;1
بخواهید;1
سللامخانم;1
امدادی;1
بفروشمش;1
دیروز;1
٢٠۶;1
betcha;1
واریکوسل;1
برگذار;1
اپلای;1
بلدرچین;1
باارزش;1
اسمان;1
موثرتر;1
رقصیدن;1
ذوب;1
وتحیت;1
اندیشیده;1
اخیراً;1
ایاراهی;1
157;1
154;1
86و88و89;1
خیلیییی;1
لصفاً;1
150;1
کفشی;1
اشکنه;1
بودنشون;1
نصفش;1
جکوزی;1
متناسب;1
max;1
کمین;1
سوخته;1
خصصوصی;1
جذابیتی;1
متحمل;1
بازکرده;1
میکنمروش;1
تباه;1
توشیم;1
مجال;1
700;1
میگیرند;1
علتچیه;1
چپش;1
کدومن;1
ازشمااینه;1
دانسته;1
وچون;1
مخز;1
فروشندگان;1
یکطرفه;1
جوراب;1
عازم;1
240hdl;1
وصلی;1
بسیاز;1
اگزما;1
آذری;1
وداروهای;1
دعاهای;1
عقده;1
عقدم;1
Runtime;1
التحریری;1
سردوراهی;1
quality;1
Gtt;1
گیگوز;1
کوچیکتره;1
کوچیکترن;1
student;1
اعتنا;1
و100;1
نخاعی;1
راتمدید;1
دخترهاست;1
بنزینشم;1
کلیات;1
اشتهایی;1
keep;1
یاکل;1
ومعتبر;1
محرز;1
وطنش;1
جهزیه;1
مستلزم;1
برگردند;1
گفی;1
نشودو;1
بالعکس;1
ناپیوسته;1
حدود2;1
اکسس;1
هیکلم;1
اشتها;1
چناچه;1
اسپیک;1
قاشق;1
الاختیار;1
روفرم;1
درفاصله;1
دونست;1
نردبان;1
فهمیده;1
شوکه;1
کردنشون;1
بایک;1
توری;1
قورت;1
دیروقت;1
M2U01852;1
لخت;1
هدست;1
ابزارک;1
میروم;1
دهانه;1
اوست;1
محیطهای;1
ترانتخاب;1
کاربردها;1
جامد;1
محکم;1
پودمانی;1
عمدتا;1
ازای;1
ازئواج;1
افتخار;1
میدواند;1
جین;1
نجاتم;1
segoe;1
باران;1
ازسایت;1
دارد};1
پیشنهادتان;1
بپرد;1
ملتفت;1
وموقع;1
دانی;1
تازگیا;1
لونه;1
وپیشنهاد;1
نسخه2با4;1
مثالهایی;1
بگیدکه;1
صبحم;1
تبعه;1
جامده;1
آناناس;1
احادیث;1
چلو;1
لمینت;1
ناسازگارانه;1
شوهرشان;1
ناگفته;1
مقوی;1
هیچکدوم;1
رفلاکس;1
نداد;1
تناسبی;1
انوقت;1
و۴;1
زگیل;1
چندروزی;1
پیمانی;1
افغانستان;1
اعتنایی;1
لیسنینگ;1
آمدمان;1
بودسلام;1
جوشهای;1
تراشند;1
نمیگیرم;1
بازو;1
خور;1
otg;1
گرفتند;1
اصطلاح;1
راتقویت;1
ایرلاین;1
پرداختی;1
بروشور;1
جنرال;1
بادکش;1
گرایشهای;1
استودیو;1
خلاق;1
ختری;1
لاکتیویا;1
جوونا;1
پرورشگاهی;1
رزیم;1
مراد;1
قلمروهای;1
مجیک;1
هیدرولیک;1
عنف;1
ازازدواج;1
وحنابندون;1
کجاباید;1
اماره;1
یال;1
وظایف;1
رزین;1
بادگیرها;1
computer;1
گرمه;1
۲۹;1
هدایتی;1
بزاق;1
دعاوی;1
ناپلئون;1
همینطوره;1
هفدهم;1
اختلالات;1
فعالیتی;1
ناپدید;1
Kinda;1
کوشش;1
سنیتون;1
۲۸;1
الکترود;1
۲۶;1
۲۰;1
وتخمک;1
محصن;1
مدارهای;1
مستندات;1
جامپینگ;1
مدیرعامل;1
Anti;1
اسـتاد;1
دنباله;1
سنمم;1
پردرآمد;1
مارکهای;1
متشنجی;1
لنزهای;1
دعایی;1
عیب;1
سیزی;1
سهولت;1
خیالمون;1
موثری;1
13میلی;1
دخترو;1
امامی;1
شیردهی;1
کدامش;1
۳۰سالگی;1
نگفتم;1
بیابیم;1
حوادثی;1
yourselfmake;1
یزدی;1
Softmax;1
دز;1
وداخل;1
سونی;1
معاشرتهای;1
ترونیک;1
ازت;1
طعمش;1
بخشش;1
دکراسیون;1
مقتضی;1
mussa;1
نخواد;1
خوندید;1
فطری;1
ناراضیمولی;1
اشتهایم;1
مســافران;1
تسبیحات;1
حخیلی;1
لوچه;1
تلخی;1
زاویه;1
ورژن;1
جنایات;1
مؤلف;1
چندماه;1
انظار;1
تروما;1
تداخل;1
اوبونتو;1
پلکس;1
بیافته;1
شمار;1
کشته;1
صفجه;1
بابابزرگه;1
افزایشه;1
دوقلو;1
اعتباری;1
سلامدختری;1
چهرشه;1
مهاجمی;1
آبان۹۵;1
مائید;1
مسیحیان;1
هشتاد;1
سرمایی;1
مجازیم;1
رنج90;1
روانشناس;1
دست ها;1
النبی;1
جیلبرک;1
پلیمری;1
بهاییّت;1
غضب;1
موانع;1
موبایلها;1
کورن;1
تسمه;1
درسمو;1
امپرازول;1
ورشکست;1
بگردیم;1
کمپرسورها;1
هیکلی;1
زجر;1
هایتان;1
فولیک;1
خو;1
بریج;1
خم;1
بفرماییدبا;1
روابطی;1
نوشیدن;1
صورتمو;1
دانند;1
لنسینگ;1
سرشناس;1
آنچنانی;1
audio;1
ششم;1
معتادان;1
جویا;1
دادگاهطبق;1
اجرایی;1
صداق;1
آنمی;1
تورشن;1
usnews;1
زیرین;1
my;1
اعزام;1
تفتیش;1
حرمت;1
گلومه;1
رزمندگانی;1
مرزی;1
سرلاک;1
کلیمی;1
طاری;1
چهارسال;1
نگا;1
آسونه;1
بفروشیم;1
0912;1
چیکارکنیم;1
پورتابل;1
php;1
close;1
گویا;1
پیشرفتی;1
خاستم;1
قیم;1
جواهرات;1
۱۰۰مترمربع;1
Kernel;1
ونشاسه;1
during;1
آنالیتیکس;1
آنالیتیکز;1
بدنشان;1
وشیر;1
دستاوردهای;1
تورو;1
مذکر;1
ع;1
تلخ;1
ا;1
ببرمش;1
PIN;1
خالق;1
Neural;1
e;1
وسوال;1
اشپل;1
بیابم;1
AB;1
AC;1
ویتامینه;1
مدتهاست;1
تحقیقاتی;1
زدنش;1
TL;1
منسوخ;1
هرگونه;1
گیربکسش;1
سال84برای;1
اهداف;1
دیگرش;1
بازوهایم;1
ورشکسته;1
شکی;1
لامپها;1
مزید;1
امدادکر;1
لبخندی;1
حسامون;1
پالایش;1
میگو;1
گرونه;1
تالا;1
عروسکهائی;1
زرتشتی;1
حاکم;1
دندانپزشکان;1
لیز;1
وتحیات;1
متمرکز;1
آنفلوآنزا&nbsp;1
فراخوان;1
ناراضیه;1
{از;1
پرداختن;1
بالشش;1
حیدری;1
۴۰۷;1
را&nbsp;1
بیفتد;1
٧١;1
تلوزیون;1
‎باشد;1
ندهند;1
راقطعی;1
پیشرفتو;1
کندحال;1
تپل;1
مخاطبی;1
پوشpvc;1
احرام;1
تمیزه;1
پستانداران;1
فسق;1
مستطیل;1
داروییست;1
نهار;1
روبروی;1
نباشیدببخشید;1
ریالی;1
المقدور;1
بخوانیم;1
برگشتم;1
علف;1
خوابگاه;1
مدا;1
ادوب;1
ارسالی;1
افزارها;1
صادق;1
بهترم;1
متوالی;1
بهترن;1
ببـخشید;1
بیاییم;1
۲٪;1
کنندگان;1
وقندخونش;1
مزاحمتون;1
بذارینبا;1
استعلام;1
٦٧;1
هدفون;1
ناکامی;1
یکبارم;1
دوستانشان;1
فالوور;1
مادی;1
خواد;1
دندانم;1
اخبار;1
مطب;1
گریستن;1
جوونیم;1
بام;1
سرشون;1
مقلد;1
کنملطفا;1
توربان;1
دوستانمان;1
تدبیری;1
پیمانکاران;1
برخواست;1
سرکلاژ;1
بدعت;1
تورها;1
باخبره;1
برگشتند;1
٦٠;1
٦٣;1
٣ماه;1
